Rank,Countries,City,2020,2019,2018,2017
1,Pakistan,Lahore,79.2,89.5,114.9,133.2
2,China,Hotan,110.2,110.1,116.0,91.9
4,India,Delhi (NCT),84.1,98.6,113.5,108.2
10,India,Patna,68.4,82.1,119.7,118.5
11,India,Ghaziabad,106.6,110.2,135.2,144.6
19,India,Faridabad,83.3,85.0,129.1,123.0
20,India,Muzaffarpur,74.3,81.2,110.3,107.4
21,India,Noida,94.3,97.7,123.6,134.0
22,India,Jind,81.6,85.4,91.6,126.5
25,India,Rohtak,74.4,59.7,81.6,96.7
26,India,Gaya,46.3,59.4,96.6,102.6
30,China,Kashgar,81.0,87.1,95.7,97.5
38,India,Gurugram,75.3,93.1,135.8,145.6
47,Bahrain,Manama,39.7,46.8,59.8,62.5
48,India,Kanpur,89.1,48.5,88.2,119.2
49,Bangladesh,Dhaka,77.1,83.3,97.1,79.7
54,India,Lucknow,86.2,90.3,115.7,119.2
56,India,Jodhpur,67.1,77.2,113.4,81.9
63,India,Panchkula,42.8,45.9,56.2,52.8
66,Kuwait,Kuwait City,34.0,38.3,56.0,46.8
67,China,Shihezi,57.5,63.3,61.3,60.6
73,China,Aksu,58.4,54.0,74.1,69.8
75,China,Puyang,59.3,63.4,63.5,68.8
76,India,Jaipur,43.8,50.5,67.6,88.3
80,China,Wujiaqu,40.6,53.9,67.8,74.1
84,China,Kizilsu,52.0,48.6,60.0,43.4
85,China,Hebi,58.9,62.1,55.8,64.4
87,Russia,Krasnoyarsk,14.7,17.7,23.1,16.4
88,China,Changji,53.5,48.2,55.0,57.6
91,China,Luohe,55.4,60.0,62.6,63.7
92,India,Pune,39.7,35.7,46.3,37.0
93,China,Anyang,61.5,70.3,72.9,81.1
94,China,Weinan,52.5,55.6,58.2,68.8
96,China,Xianyang,50.5,63.7,67.8,77.8
97,Pakistan,Karachi,43.8,40.2,33.7,38.5
99,China,Kaifeng,55.5,61.0,64.6,66.8
100,China,Xiangyang,52.5,60.4,60.5,64.4
101,China,Yuncheng,57.7,61.2,59.8,71.9
102,India,Kolkata,46.6,59.8,85.4,76.7
104,China,Xinxiang,51.5,55.7,61.4,66.4
108,China,Jiaozuo,56.2,61.3,66.9,74.8
110,China,Pingdingshan,51.2,60.1,65.1,67.3
113,China,Linfen,52.5,61.7,68.2,80.6
117,China,Xian,49.3,56.6,59.9,70.2
125,China,Luoyang,50.7,62.4,59.9,72.5
128,China,Turpan,49.5,56.3,56.1,66.1
129,China,Nanyang,51.4,60.0,60.6,57.1
130,China,Heze,54.2,59.7,60.1,70.0
134,China,Xuchang,53.6,60.6,64.2,63.2
135,India,Nagpur,27.1,47.2,46.6,56.2
138,India,Mumbai,41.3,45.3,58.6,54.2
139,China,Handan,58.9,64.3,74.0,96.7
141,China,Shangqiu,52.7,72.6,61.9,61.8
147,China,Jinzhong,43.0,45.5,53.5,61.0
151,China,Wuhan,36.5,44.4,46.9,51.0
152,China,Zhengzhou,50.9,58.4,64.1,70.0
154,China,Sanmenxia,47.5,56.1,57.5,60.7
161,China,Zhoukou,50.3,56.6,58.9,59.9
162,China,Jingmen,45.3,56.4,56.2,49.5
164,India,Visakhapatnam,40.3,44.0,52.8,50.4
172,China,Zhumadian,45.9,52.1,60.4,57.9
174,China,Taiyuan,52.1,53.4,55.9,63.7
175,China,Shijiazhuang,57.6,64.0,76.7,98.8
180,China,Jining,53.4,56.6,50.1,56.2
182,China,Urumqi,51.2,54.5,59.2,76.0
187,China,Xingtai,55.9,63.5,76.7,103.7
189,China,Liaocheng,53.9,58.8,60.3,72.0
191,China,Huaibei,49.8,55.1,58.2,66.2
197,China,Jingzhou,36.1,45.3,47.7,55.7
198,China,Zibo,53.9,57.7,55.9,63.1
199,China,Baoding,52.2,57.7,70.7,92.7
200,India,Hyderabad,34.7,39.0,44.2,51.0
204,China,Baoji,43.8,49.8,49.9,54.8
211,China,Yangquan,46.3,50.6,59.0,63.6
213,China,Fuyang,50.4,51.9,54.4,66.9
216,China,Yibin,38.8,45.9,49.3,55.4
223,China,Bozhou,48.3,54.0,57.5,63.3
225,China,Xiaogan,35.9,43.9,43.9,49.4
226,China,Zaozhuang,54.8,59.6,57.6,62.0
228,China,Huainan,47.4,52.5,54.8,61.6
229,China,Xinyang,40.7,47.8,53.8,53.6
230,China,Dezhou,50.1,53.4,54.8,68.5
232,Nepal,Kathmandu,39.2,48.0,54.4,45.9
233,Pakistan,Islamabad,39.0,35.2,38.6,39.2
238,China,Suzhou,47.0,52.6,57.6,70.5
240,China,Hengshui,52.4,56.0,65.7,93.3
241,China,Xuzhou,49.7,57.4,65.5,67.4
242,China,Leshan,35.8,42.0,45.7,55.4
243,Vietnam,Hanoi,37.9,46.9,40.8,45.8
245,China,Korla,44.7,47.1,46.3,43.0
252,Uganda,Kampala,26.1,29.1,40.8,54.3
255,India,Solapur,30.6,36.9,38.9,37.7
257,China,Taian,51.2,57.6,51.7,57.5
260,China,Linyi,48.4,57.7,50.2,56.4
263,China,Changde,40.7,47.5,42.3,51.5
264,China,Binzhou,49.0,53.6,55.8,66.8
266,China,Zigong,45.1,47.5,56.8,69.3
270,China,Jinchang,21.2,20.8,25.2,27.1
271,China,Zhangqiu,49.1,50.1,49.2,66.7
273,China,Chengdu,40.5,42.4,48.8,55.4
275,India,Agra,80.2,57.2,104.8,110.6
277,China,Bengbu,44.5,51.3,52.8,59.3
278,China,Yichang,40.8,52.5,52.1,57.4
279,China,Jincheng,46.2,54.1,59.8,63.4
281,China,Wuwei,37.6,33.1,42.2,43.8
283,China,Changzhi,45.5,47.5,53.2,62.3
286,China,Suqian,45.9,47.9,53.1,56.9
287,Chile,Coyhaique,33.3,41.5,34.2,39.3
292,China,Changsha,41.0,46.8,45.8,51.4
293,China,Yiyang,40.0,49.8,33.3,39.1
295,China,Xiangtan,38.2,46.8,46.6,50.3
296,China,Xinzhou,44.4,41.7,51.4,62.6
298,China,Jiangyin,36.8,41.8,48.8,55.1
302,China,Suihua,39.1,37.1,35.4,35.4
303,China,Tongchuan,38.6,44.6,46.3,50.5
304,China,Jinzhou,46.9,45.3,44.4,46.8
305,China,Jinan,49.0,54.4,52.9,63.7
306,China,Tianjin,48.9,51.3,52.3,63.2
307,Indonesia,Jakarta,39.6,49.4,45.3,29.7
309,China,Luzhou,37.3,40.8,37.0,51.4
310,China,Ili,43.6,41.5,47.1,49.6
311,Iran,Tehran,29.0,25.9,26.1,34.0
314,China,Meishan,31.4,35.2,36.2,47.1
315,China,Cangzhou,52.0,53.0,65.2,88.7
326,China,Nanchong,36.6,42.3,45.3,45.2
327,China,Lanzhou,33.0,35.7,45.9,48.6
329,China,Zhenjiang,37.7,45.0,53.2,53.9
330,India,Chandrapur,32.2,35.1,41.4,44.8
332,China,Suizhou,37.0,41.9,44.0,50.5
333,China,Deyang,37.1,39.9,41.1,51.2
338,China,Zhongwei,33.3,31.5,36.9,36.6
344,China,Wuzhong,33.9,31.1,37.9,42.9
345,China,Weifang,49.9,56.2,52.6,56.9
348,China,Mianyang,34.2,37.8,45.3,48.5
351,China,Wuhu,35.9,44.4,48.8,48.2
355,China,Ezhou,37.8,42.5,44.9,56.4
358,India,Nashik,32.8,39.3,39.8,47.2
360,China,Anqing,34.9,45.5,45.4,56.6
361,China,Jiujiang,41.8,53.4,46.5,49.8
362,China,Zhuzhou,36.7,46.3,42.3,50.2
363,China,Langfang,43.3,47.1,55.8,78.5
365,China,Loudi,32.1,38.2,30.6,38.6
366,China,Harbin,43.6,39.1,36.4,54.2
368,Chile,Padre las Casas,28.6,32.5,43.3,38.8
369,China,Maanshan,35.8,42.3,43.8,48.4
373,China,Luan,37.0,41.9,44.9,46.7
374,China,Yueyang,36.6,42.6,43.4,47.9
375,China,Shizuishan,36.1,34.5,40.4,45.5
377,China,Tongling,34.9,47.3,47.1,57.2
379,China,Jurong,37.3,43.8,50.7,47.5
380,China,Fushun,43.3,43.0,41.2,47.2
382,USA,Oakridge,13.3,9.7,10.5,17.5
384,China,Liaoyang,40.5,40.3,37.6,45.9
387,China,Huanggang,35.8,41.0,40.8,48.9
389,China,Tangshan,46.8,52.6,63.5,84.7
392,China,Changzhou,38.7,44.7,50.3,46.8
394,China,Dongying,45.7,48.6,47.4,57.9
399,China,Chizhou,33.6,42.4,43.7,60.4
401,China,Taizhou,36.7,45.0,47.9,50.7
410,China,Shaoyang,37.3,42.1,44.0,51.6
417,China,Hefei,36.0,43.8,47.2,54.7
420,China,Huludao,41.7,45.5,41.0,44.6
424,China,Huangshi,35.0,40.6,41.7,55.2
425,China,Yongzhou,32.9,38.4,46.1,43.7
426,China,Yangzhou,35.6,43.0,48.2,54.1
429,China,Xuancheng,32.7,41.7,43.2,49.1
434,India,Tirupati,24.4,26.4,31.3,34.5
437,China,Shuozhou,38.6,38.8,41.8,49.1
439,China,Neijiang,34.1,35.2,36.8,47.6
441,China,Hengyang,35.3,42.1,41.3,47.8
443,India,Bengaluru,27.5,32.6,34.5,32.1
446,China,Qingyang,29.1,31.0,33.1,35.0
447,China,Shenyang,40.8,41.6,39.3,48.0
449,China,Ziyang,29.5,33.5,38.3,27.7
450,Ethiopia,Addis Ababa,14.7,20.1,27.1,26.9
452,China,Yinchuan,34.5,31.0,39.3,46.3
455,China,Jiuquan,30.1,27.6,33.3,34.5
456,China,Chuzhou,39.3,48.4,49.7,55.2
458,China,Liaoyuan,38.9,37.6,35.6,48.5
463,China,Tieling,38.4,40.0,38.2,48.4
464,Mongolia,Ulaanbaatar,46.6,62.0,58.5,66.5
467,China,Bayan Nur,34.2,32.2,33.5,34.2
472,South Korea,Cheonan,23.9,29.4,25.4,27.7
474,China,Wuhai,33.7,31.3,40.5,43.7
475,China,Dazhou,37.6,45.3,44.7,48.6
477,China,Xingbin Qu,30.4,35.2,39.5,48.1
478,China,Shiyan,30.5,36.5,40.2,42.0
481,China,Zhangye,34.3,31.8,36.9,28.8
482,China,Anshan,40.7,39.2,34.9,43.8
483,China,Shaoxing,28.5,38.1,40.5,44.3
489,China,Beijing,37.5,42.1,50.9,58.8
490,China,Dingxi,25.7,27.4,40.3,39.2
492,China,Linxia,29.0,30.8,45.8,45.8
495,China,Suining,28.4,31.0,35.3,38.7
497,China,Nanchang,32.5,34.9,28.4,40.9
500,China,Liuzhou,28.9,34.4,39.4,43.6
501,China,Xining,33.0,33.3,41.7,38.0
502,China,Ya'an,26.6,32.3,40.7,49.2
506,China,Baiyin,28.7,31.1,37.7,37.3
507,China,Pingliang,21.8,24.8,36.9,31.8
508,China,Rizhao,37.5,46.2,41.6,46.8
509,China,Huzhou,26.2,32.2,35.1,41.1
510,China,Changzhou Qu,30.5,33.4,40.9,45.4
511,China,Lianyungang,36.1,42.1,43.4,45.0
514,China,Hangzhou,29.0,37.4,38.1,43.6
520,China,Panjin,34.0,38.7,36.1,39.4
521,China,Yingkou,40.2,41.2,38.4,41.6
530,China,Jiujiang,36.6,43.9,40.2,46.3
531,Italy,Milano,28.4,23.3,22.1,27.8
535,China,Jimo,38.6,44.0,32.8,41.7
538,China,Suzhou,32.3,37.7,40.3,41.5
543,China,Jiayuguan,29.5,26.5,28.1,23.0
545,South Korea,Asan,25.1,31.0,26.0,26.8
548,China,Baise,27.4,29.3,35.7,42.3
551,China,Benxi,33.8,35.1,31.6,38.3
556,China,Wuxi,34.0,39.9,42.8,45.1
557,China,Changchun,40.4,36.7,32.2,44.5
558,China,Huangnan,23.6,22.6,29.2,32.9
559,China,Yiwu,27.0,34.0,33.7,38.3
562,China,Qinhuangdao,37.4,43.6,43.9,50.0
563,China,Huaihua,27.8,35.4,33.1,38.1
565,China,Nanjing,31.1,40.5,43.0,40.5
568,China,Fuxin,35.1,36.3,36.2,39.7
570,China,Hanzhong,28.7,39.2,45.1,50.0
579,China,Xinyu,29.9,35.1,37.7,47.6
581,China,Yichun,30.8,35.7,38.7,51.0
582,China,Shangluo,28.2,32.3,36.3,35.5
589,China,Guigang,28.5,33.9,38.7,41.1
590,China,Xianning,29.1,35.1,36.7,46.5
591,China,Baotou,41.4,36.1,36.8,43.3
592,China,Bazhong,26.8,30.3,30.8,32.0
598,China,Yanan,29.5,31.3,35.0,39.2
599,China,Lvliang,36.0,40.1,50.7,55.2
606,China,Jilin,35.9,34.4,32.4,46.6
607,China,Siping,32.5,35.7,38.8,46.7
608,China,Yulin,32.7,33.0,35.2,34.1
609,China,Kumul,29.3,29.8,28.5,31.9
616,China,Wuzhou,25.2,28.7,34.5,39.2
617,China,Tongliao,28.8,32.3,31.9,34.3
618,China,Panzhihua,28.8,29.1,33.1,32.7
622,China,Tianshui,22.7,27.0,37.3,36.5
623,China,Enshi,27.5,31.3,36.1,44.0
624,China,Yancheng,32.5,40.5,43.2,43.8
625,China,Pingxiang,30.6,36.9,40.7,49.1
626,China,Chaoyang,35.6,36.0,38.2,40.6
627,China,Guyuan,24.9,25.7,33.4,32.7
631,Chile,Temuco,20.6,20.2,30.4,28.7
634,China,Guilin,28.3,32.9,36.4,42.2
637,China,Yulin,27.6,32.6,35.6,38.0
639,China,Jiaxing,27.7,35.0,38.1,41.5
643,China,Bortala,22.3,22.7,27.9,32.6
644,China,Karamay,25.2,23.4,25.2,31.3
645,China,Linan,29.2,36.1,35.9,41.2
648,China,Chongqing,31.7,37.1,37.3,43.9
650,China,Jiaonan,34.1,39.5,33.6,40.1
659,Poland,Katowice,21.4,26.0,30.4,25.1
661,Chile,Santiago,23.6,27.7,29.4,23.1
662,China,Zhangjiajie,22.6,28.7,29.6,38.7
666,South Korea,Seosan,18.9,21.5,18.7,19.8
668,China,Hezhou,27.6,30.7,36.9,42.1
670,China,Alxa League,24.9,25.9,35.4,33.9
671,Peru,Lima,18.0,23.7,28.0,27.7
675,Chile,Rancagua,23.8,26.9,22.9,23.3
677,China,Nantong,33.5,37.7,40.5,38.5
678,China,Shanghai,31.5,35.4,36.0,38.9
682,China,Nanning,26.0,30.2,32.4,34.4
683,China,Datong,31.2,32.3,36.6,38.4
686,India,Chennai,26.5,34.6,43.2,39.8
689,China,Qingdao,31.8,39.4,34.3,38.4
696,China,Chongzuo,25.6,29.1,30.8,32.1
707,Italy,Modena,24.3,23.4,25.2,22.1
710,Chile,Coronel,20.7,11.8,19.0,22.9
712,China,Lincang,25.8,31.4,27.4,24.3
716,China,Qitaihe,25.6,30.5,29.4,42.4
717,China,Chenzhou,27.9,30.2,28.9,36.5
723,China,Jiamusi,27.1,27.1,28.4,36.6
724,China,Songyuan,26.1,29.7,27.9,35.6
725,China,Jinhua,27.9,32.4,33.3,41.5
733,China,Ankang,25.6,34.0,36.3,38.0
754,China,Daqing,26.6,27.2,26.5,32.8
758,Thailand,Samut Sakhon,23.0,24.1,39.8,26.9
761,China,Jieyang,27.8,30.6,34.1,33.4
762,China,Hohhot,39.4,36.4,35.3,41.2
768,China,Shuangyashan,25.8,28.5,26.6,38.9
769,China,Dalian,30.2,34.3,29.3,32.9
774,China,Shangrao,27.6,31.4,33.9,43.5
775,China,Yingtan,31.5,35.9,34.0,39.6
776,China,Dehong,19.1,23.2,33.7,29.7
778,China,Quzhou,25.0,31.8,32.4,41.5
784,Thailand,Si Maha Phot,23.5,24.8,30.9,30.1
787,China,Hinggan,23.3,24.1,19.6,18.0
789,China,Guangyuan,24.8,27.3,26.1,21.7
793,China,Bijie,24.0,26.4,32.0,32.7
794,China,Yantai,31.8,37.5,29.3,34.3
798,China,Chengde,28.6,30.0,39.6,55.0
799,China,Xiangxi,23.4,28.8,32.6,35.4
800,China,Dandong,28.7,32.0,29.1,34.6
804,South Korea,Pyeongtaek,21.7,29.4,29.5,33.1
808,China,Beihai,23.1,26.9,27.6,28.5
809,China,Baishan,27.7,29.8,31.5,44.1
810,China,Honghe,25.7,26.2,25.0,33.2
818,China,Mudanjiang,29.6,31.7,28.6,34.7
837,China,Hechi,24.2,26.3,28.9,33.0
842,South Korea,Osan,22.8,28.2,27.8,28.8
844,China,Jixi,23.4,27.1,29.2,36.2
849,China,Wenshan,23.8,26.2,25.6,22.7
856,China,Liupanshui,21.1,23.4,32.3,38.9
865,China,Ningbo,22.7,28.4,31.4,36.1
871,China,Shaoguan,24.0,28.3,34.5,37.2
872,Mexico,Mexico City,18.8,20.5,19.7,20.4
874,Serbia,Belgrade,24.3,23.3,23.9,24.5
875,China,Tongren,25.5,31.0,22.3,23.0
876,China,Jian,28.3,34.4,39.1,52.0
883,China,Tonghua,27.3,29.4,28.4,35.2
888,Poland,Kalisz,18.8,19.4,23.3,26.1
898,China,Zunyi,17.8,20.4,26.8,32.8
899,China,Wendeng,21.5,23.8,23.5,26.4
904,China,Foshan,22.2,29.4,33.1,38.1
906,China,Yangjiang,21.3,28.6,30.6,32.9
912,China,Zhaoqing,23.2,31.4,36.5,38.9
915,Israel,Holon,15.9,22.1,21.4,19.7
920,China,Guangzhou,22.6,28.9,33.2,33.9
922,China,Anshun,21.6,22.5,26.0,23.6
923,China,Ordos,24.5,23.4,25.7,25.3
928,Slovakia,Jelsava,19.0,21.4,24.3,26.7
929,China,Ulanqab,20.3,24.6,25.5,26.6
930,China,Qujing,20.2,21.0,28.0,28.2
935,Vietnam,Ho Chi Minh City,22.0,25.3,26.9,23.6
936,China,Baicheng,24.2,26.5,28.3,31.6
937,China,Weihai,26.0,31.4,26.6,28.6
944,China,Guiyang,22.8,26.5,30.3,31.5
946,Israel,Arad,16.5,19.1,19.9,17.4
951,South Korea,Hwaseong,22.5,29.1,26.7,25.4
952,China,Fangchenggang,22.1,26.9,28.6,29.1
960,China,Huangshan,21.0,24.0,23.4,25.2
961,China,Qiandongnan,23.8,25.8,27.6,30.6
962,China,Qiqihar,26.9,27.2,26.2,35.6
964,China,Wenzhou,24.8,27.8,29.5,36.8
972,Czech Republic,Dolni Lutyne,20.9,27.7,35.8,32.3
973,Israel,Rishon LeTsiyon,17.3,22.9,19.9,20.7
974,Israel,Pardes Hanna-Karkur,21.5,20.6,26.8,21.9
979,China,Chaozhou,24.3,28.5,28.3,29.9
980,China,Zhanjiang,21.2,25.4,25.4,28.4
986,Chile,San Fernando,17.7,21.0,15.3,18.1
987,China,Qingyuan,26.4,29.9,32.6,29.8
989,China,Liangshan,21.4,19.7,20.7,21.7
993,Israel,Ramat Gan,18.8,22.6,19.3,21.0
998,South Korea,Siheung,20.0,30.6,28.7,26.6
1000,China,Yunfu,20.9,28.0,31.2,36.0
1007,China,Longnan,15.9,18.6,29.6,28.8
1008,China,Fuzhou,26.9,32.8,35.8,47.2
1009,China,Zhushan Qu,27.1,28.2,30.1,43.4
1034,China,Nujiang,22.5,24.9,24.4,19.7
1035,China,Zhaotong,20.2,19.0,20.8,31.2
1040,South Korea,Gimpo,20.9,26.6,24.0,28.4
1041,China,Gannan,19.5,22.5,30.3,35.7
1042,China,Dongguan,23.7,31.5,34.9,35.9
1048,Mexico,Salamanca,18.0,20.9,20.9,25.1
1049,Poland,Krakow,21.7,24.6,28.9,30.2
1054,China,Jiangmen,21.3,27.0,30.2,37.0
1063,South Korea,Anyang,21.9,25.4,27.1,23.7
1074,South Korea,Gunsan,20.3,27.0,25.6,24.9
1077,Chile,Talcahuano,19.0,21.4,15.7,21.3
1082,South Korea,Yongin,21.4,25.2,24.8,28.1
1085,China,Haibei,18.9,19.4,25.1,28.0
1086,China,Hainan,20.3,20.4,24.3,26.6
1091,Israel,Tel Aviv-Yafo,17.2,21.8,19.5,18.3
1096,China,Taizhou,24.4,26.5,28.1,32.9
1104,Taiwan,Kaohsiung,19.8,22.7,24.4,27.7
1108,China,Kunming,22.4,25.1,27.2,26.8
1111,Israel,Ein Ya'akov,17.7,20.1,20.1,20.1
1112,Italy,Brescia,16.5,18.9,20.8,26.4
1117,China,Maoming,20.7,25.0,25.7,29.7
1118,China,Jingdezhen,24.3,26.7,28.8,37.8
1119,China,Haixi,14.6,15.5,22.4,24.3
1122,Czech Republic,Karvina,18.3,22.1,27.1,24.6
1125,Mexico,Celaya,18.6,20.0,20.1,22.2
1128,Bulgaria,Sofia,27.5,26.8,28.2,20.8
1129,Chile,Chillan,16.0,20.4,21.5,27.7
1132,Poland,Lublin,18.5,20.5,21.0,21.6
1134,South Korea,Goyang,20.2,24.9,25.2,26.7
1139,China,Zhangzhou,21.6,30.3,30.0,34.4
1142,Israel,Acre,18.4,19.6,17.2,21.0
1154,China,Ganzhou,25.2,28.4,37.7,46.6
1158,Chile,Rengo,18.8,24.1,18.9,16.3
1164,Israel,Ra'anana,17.7,21.3,18.8,19.5
1167,South Korea,Gwacheon,21.5,26.1,23.2,24.2
1169,South Korea,Sejong,21.6,26.5,21.9,19.2
1178,China,Yichun,18.0,18.6,19.7,21.3
1180,Czech Republic,Ostrava,16.8,20.9,30.1,27.8
1186,Poland,Wroclaw,17.1,18.7,22.9,21.9
1196,China,Zhongshan,19.4,26.4,28.4,32.2
1207,South Korea,Guri,19.8,26.6,24.3,29.6
1208,Thailand,Chiang Mai,30.5,32.3,24.5,22.7
1209,China,Chuxiong,17.8,20.9,24.3,22.5
1210,Czech Republic,Havirov,18.0,20.3,28.8,26.7
1211,Israel,Kiryat Ata,15.5,19.7,21.1,19.8
1217,South Korea,Seoul,20.9,24.8,23.3,25.2
1218,USA,Yosemite Valley,18.6,9.5,20.4,13.3
1224,South Korea,Suwon,21.0,25.5,23.6,25.8
1232,Israel,Kiryat Tiv'on,15.1,18.4,18.0,17.8
1233,Mexico,Irapuato,18.2,19.2,19.7,23.2
1234,Mexico,Monterrey,14.5,19.3,17.2,15.7
1240,Thailand,Samut Prakan,20.9,22.9,32.2,33.2
1242,China,Yuxi,19.5,23.1,21.8,18.3
1247,Thailand,Bangkok,20.6,22.8,25.2,27.6
1252,Chile,Puerto Montt,18.9,26.4,22.6,29.6
1261,China,Putian,20.7,23.9,25.6,26.2
1262,China,Quanzhou,20.0,24.5,25.1,26.2
1266,South Korea,Wonju,18.4,27.7,29.6,31.4
1267,South Korea,Ansan,19.9,24.0,24.2,26.2
1269,Taiwan,Pingtung,17.5,19.9,21.5,23.3
1270,Taiwan,Tainan,18.4,22.6,23.9,24.9
1275,Chile,Valparaiso,12.9,14.4,13.4,13.8
1286,South Korea,Seongnam,19.8,23.8,23.8,25.6
1290,Czech Republic,Tesin,17.9,20.0,29.6,27.2
1292,Italy,Bergamo,17.8,18.5,18.0,26.4
1303,Chile,Linares,18.7,27.6,25.5,27.1
1304,China,Hulunbeir,17.2,17.4,16.7,22.9
1306,Czech Republic,Trinec,15.1,18.2,26.5,26.7
1317,China,Heyuan,21.7,24.5,29.2,31.2
1320,Israel,Nir Yisrael,16.1,18.8,17.5,15.0
1321,Poland,Tarnow,20.3,22.5,23.3,27.4
1324,South Korea,Bucheon,20.9,30.8,27.3,25.6
1326,China,Hegang,22.0,21.5,23.2,30.0
1335,Slovakia,Martin,15.7,16.1,18.0,22.1
1336,Slovakia,Ruzomberok,19.6,18.5,20.7,24.4
1340,China,Xiamen,17.9,23.8,23.5,25.8
1341,Czech Republic,Frydek-Mistek,16.2,17.6,26.9,25.0
1349,Chile,Osorno,19.2,32.8,38.2,30.8
1350,Chile,Curico,19.0,25.8,16.8,23.0
1351,China,Huizhou,20.2,25.1,27.0,29.1
1352,China,Qianxinan,18.7,20.2,14.9,16.0
1354,Israel,Sderot,17.5,20.1,19.6,16.7
1356,Slovakia,Kosice,17.0,19.4,17.6,21.2
1357,Slovakia,Presov,16.1,18.3,20.2,24.3
1362,China,Lishui,21.1,24.4,26.8,32.2
1363,Mexico,Leon,19.0,20.9,20.8,27.3
1364,Poland,Zyrardow,16.7,17.8,26.6,23.8
1365,Taiwan,Chiayi city,17.9,21.5,23.7,24.1
1372,China,Nanping,18.5,20.0,22.0,22.9
1373,China,Zhangjiakou,24.3,26.1,36.3,56.7
1376,Israel,Jerusalem,17.2,20.9,18.9,17.1
1377,Israel,Kiryat Malakhi,15.9,19.8,18.9,18.2
1382,South Korea,Yeongju,20.7,26.9,28.1,26.9
1389,China,Yanbian,19.7,24.5,25.7,29.1
1397,Poland,Poznan,15.6,20.4,22.0,21.9
1398,Poland,Torun,14.5,19.1,19.4,19.3
1403,China,Zhuhai,18.3,24.0,26.1,28.8
1404,China,Qiannan,17.6,19.2,22.5,24.3
1405,China,Xishuangbanna,30.0,31.6,24.8,25.2
1411,South Korea,Gyeongsan,21.0,25.0,25.4,24.9
1415,China,Fuzhou,19.7,23.2,23.6,26.3
1416,China,Shantou,18.4,22.4,24.7,27.7
1418,Israel,Ashkelon,15.6,18.8,20.8,19.2
1430,Israel,Haifa,16.2,18.0,16.7,16.3
1441,Cyprus,Nicosia,15.5,19.2,17.4,17.9
1442,Israel,Ein Tamar,14.1,15.2,28.4,26.7
1445,Poland,Mielec,18.8,21.1,25.1,25.3
1449,Thailand,Ratchaburi,22.8,29.5,32.2,22.4
1453,Israel,Ashdod,15.8,20.6,19.6,18.9
1456,Poland,Legionowo,20.6,18.8,22.5,21.8
1460,South Korea,Gumi,18.5,20.3,25.2,22.9
1464,Chile,Vina del Mar,12.1,13.8,11.9,9.6
1465,China,Meizhou,21.3,24.3,27.6,28.9
1480,USA,Visalia,23.5,12.8,17.6,16.8
1489,Taiwan,Changhua,15.8,19.3,21.8,22.8
1493,Chile,Los Angeles,17.0,21.7,21.6,24.1
1494,Czech Republic,Decin,16.4,17.8,23.1,23.0
1501,USA,Darrington,8.7,7.2,7.1,9.5
1502,Chile,Talca,14.6,17.6,13.7,14.3
1516,Czech Republic,Studenka,16.2,18.0,25.4,24.3
1517,Czech Republic,Moravska Trebova,16.2,18.9,23.0,18.9
1526,Thailand,Yala,16.2,20.9,19.0,17.0
1532,Bulgaria,Ruse,19.4,22.0,24.8,25.4
1533,China,Shenzhen,19.0,23.4,24.2,27.1
1534,China,Golog,13.8,19.1,21.2,27.1
1536,Cyprus,Larnaca,15.9,19.9,18.1,17.8
1538,Czech Republic,Zlin,13.0,16.5,21.7,21.3
1539,Israel,Nesher,13.6,16.8,12.4,13.8
1541,Israel,Sde Yoav,16.0,19.4,16.6,17.7
1554,South Korea,Pohang,15.7,18.5,23.6,20.8
1559,Czech Republic,Prerov,15.5,17.9,22.9,24.4
1567,Poland,Siedlce,15.7,16.3,22.0,22.2
1572,USA,Lewiston,5.6,5.7,5.3,8.4
1574,China,Chifeng,19.8,21.7,28.4,31.3
1576,Czech Republic,Valasske Mezirici,15.0,17.2,24.8,24.9
1582,Poland,Lodz,18.1,19.9,23.8,23.3
1590,China,Ningde,21.5,23.6,24.4,26.3
1591,China,Shanwei,17.5,21.3,22.2,26.3
1597,Poland,Zgierz,24.5,27.0,21.9,19.2
1598,Poland,Warsaw,16.7,17.3,24.2,26.7
1600,South Korea,Gimhae,16.9,20.8,20.2,19.8
1606,Chile,Puchuncavi,14.0,15.9,14.8,13.7
1607,Czech Republic,Opava,14.9,16.9,24.5,22.7
1613,Colombia,Bogota,14.3,13.1,13.9,15.7
1618,Slovakia,Vranov nad Toplou,14.4,16.2,18.7,19.7
1624,Brazil,Guarulhos,16.4,18.7,21.6,17.3
1630,Poland,Ponik,15.2,12.8,17.7,17.2
1633,USA,Enterprise,8.7,6.5,8.4,8.6
1636,Chile,Valdivia,13.5,14.5,33.3,33.5
1640,Poland,Gdansk,15.0,14.2,10.1,11.7
1655,Poland,Jelenia Gora,19.6,20.1,21.3,21.8
1656,Poland,Radom,19.5,18.7,27.1,25.9
1664,USA,Madawaska,5.7,6.3,7.8,7.0
1666,France,Saint-Denis,15.9,16.3,17.6,19.5
1673,Poland,Piastow,17.8,19.2,19.5,24.4
1676,South Korea,Gimcheon,17.8,25.3,24.8,25.8
1682,Chile,Chiguayante,14.9,19.8,17.0,16.1
1684,Czech Republic,Olomouc,15.8,16.1,19.0,20.4
1689,Japan,Kasaoka,14.4,15.7,17.1,17.0
1693,Poland,Otwock,22.4,18.2,30.2,29.3
1695,Taiwan,Nantou,17.9,20.3,22.9,26.5
1703,Lithuania,Vilnius,13.4,15.8,18.2,16.9
1708,Thailand,Narathiwat,14.3,17.5,15.2,8.6
1711,USA,Gordonville,9.7,11.0,9.2,10.8
1713,China,Longyan,18.9,22.9,25.3,24.4
1715,China,Zhoushan,16.4,19.8,21.3,23.9
1718,Hong Kong SAR,Hong Kong,15.4,20.3,20.2,21.8
1719,Japan,Asakuchi,15.5,16.1,18.0,17.0
1722,Mexico,Mexicali,19.7,17.7,30.2,22.7
1725,Slovakia,Hnusta,14.0,16.2,18.9,19.0
1730,USA,Wenatchee,12.5,8.0,10.8,11.8
1731,Chile,La Serena,10.2,13.6,14.5,13.9
1732,China,Sanming,21.6,23.6,24.7,25.9
1747,USA,Salmon,12.5,9.3,9.9,14.2
1751,Czech Republic,Beroun,14.0,15.6,22.5,18.8
1759,Poland,Konstancin-Jeziorna,15.8,15.9,21.8,21.6
1766,Belgium,Oostrozebeke,13.9,15.1,17.2,17.3
1768,China,Lijiang,11.7,10.5,15.6,13.8
1770,France,Gardanne,11.3,11.2,12.1,12.2
1778,Netherlands,Veldhoven,10.6,12.3,12.8,11.2
1781,Slovakia,Trencin,15.6,17.9,19.8,13.2
1786,Belgium,Roeselare,12.1,13.3,15.3,14.1
1788,China,Nagqu,15.6,18.4,32.9,43.0
1795,Taiwan,Yunlin,17.0,20.5,23.9,26.6
1799,Belgium,Evergem,13.0,14.2,15.3,14.2
1803,China,Qoqek,12.2,10.0,12.1,16.3
1804,Czech Republic,Brno,13.5,15.7,20.4,18.8
1805,France,Valenciennes,10.0,11.3,15.3,15.1
1820,USA,Rumford,5.1,5.4,6.4,7.1
1822,Belgium,Wielsbeke,13.9,14.8,16.5,14.9
1824,Czech Republic,Usti nad Labem,12.0,14.1,18.3,17.0
1825,Germany,Gelsenkirchen,11.9,14.0,16.6,16.5
1827,Japan,Kanoya,14.0,14.3,15.5,15.9
1838,USA,Fresno,22.2,12.0,14.0,10.9
1847,Kosovo,Pristina,20.0,23.5,30.4,31.7
1865,Japan,Hayashima,14.1,14.8,15.9,16.9
1869,USA,Bakersfield,20.7,11.3,15.9,16.2
1872,Brazil,Sao Paulo,14.2,15.3,16.2,16.0
1887,China,Heihe,16.4,14.8,18.0,21.3
1897,Slovakia,Bratislava,14.2,13.6,17.2,14.9
1898,Slovakia,Trnava,16.3,16.7,20.5,16.8
1899,Thailand,Rayong,17.1,17.5,21.2,19.9
1904,USA,Cleves,7.6,8.0,8.6,9.7
1909,Czech Republic,Hradec Kralove,13.7,14.8,19.7,19.0
1910,Czech Republic,Marianske Radcice,14.9,15.5,20.5,18.7
1911,Czech Republic,Teplice,13.4,14.2,19.1,18.8
1913,Japan,Yatsushiro,14.2,15.2,14.9,14.3
1917,Poland,Bialystok,13.8,13.7,16.3,17.0
1919,Singapore,Singapore,11.8,19.0,14.8,13.3
1926,Chile,Tome,11.5,15.7,20.9,14.8
1928,Germany,Dresden,10.3,11.5,14.9,13.3
1934,Japan,Kofu,11.4,12.1,11.9,11.8
1946,China,Haikou,14.1,16.3,17.1,19.5
1947,China,Diqingzhou,13.5,12.0,11.4,11.4
1948,Czech Republic,Kladno,12.3,12.2,19.0,18.0
1949,Czech Republic,Mlada Boleslav,13.0,15.6,19.1,15.9
1953,Japan,Minamata,13.8,14.7,13.2,12.1
1954,Japan,Shiroishi,13.8,15.0,15.8,16.2
1966,USA,Columbus,10.8,11.6,6.7,5.5
1969,Brazil,Ribeirao Preto,7.2,8.2,11.3,5.9
1970,Chile,Alto Hospicio,10.2,11.9,10.5,12.7
1971,China,Baoshan,19.0,20.5,21.7,24.4
1974,France,Avignon,10.3,11.0,11.8,12.7
1978,Japan,Niihama,13.2,13.9,14.8,14.7
1984,Poland,Bydgoszcz,15.8,21.7,24.2,20.7
1994,Czech Republic,Most,13.8,15.1,21.7,18.3
1997,Germany,Giessen,12.7,13.7,14.1,13.6
1999,Japan,Uto,15.2,15.2,13.2,14.7
2008,Taiwan,Taichung,15.5,18.0,19.2,20.3
2011,USA,Medina,6.4,8.6,7.9,8.3
2014,China,Yushu,10.9,9.7,15.9,19.0
2015,Czech Republic,Pardubice,12.5,14.7,19.4,18.3
2019,Japan,Miyakonojo,14.0,14.2,15.2,16.5
2020,Japan,Soja,11.8,12.7,13.7,14.7
2036,Czech Republic,Rozdalovice,13.6,13.0,19.2,18.6
2037,France,Paris,12.2,14.7,15.6,15.4
2039,Germany,Niederzier,13.7,13.1,15.4,13.8
2042,Japan,Handa,12.9,15.3,15.7,14.4
2049,USA,Glendora,14.8,11.8,12.9,11.5
2058,China,Da hinggan Ling,14.3,19.9,17.8,17.8
2060,Germany,Berlin,11.8,9.7,11.7,8.5
2064,Japan,Nakatsu,12.7,14.0,14.9,15.5
2065,Poland,Szczecin,13.0,15.6,18.6,19.2
2075,China,Dali,15.6,16.8,16.0,23.3
2077,France,La Mulatiere,14.6,12.8,14.1,15.1
2079,Germany,Duisburg,11.8,12.3,13.2,12.5
2082,Japan,Tobishima,12.6,14.6,15.0,14.6
2083,Japan,Shikokuchuo,13.0,13.6,14.9,14.9
2096,USA,Long Beach,15.1,12.3,13.5,14.6
2098,USA,Modesto,16.5,8.1,15.1,13.0
2100,USA,Turlock,18.0,12.0,17.3,13.1
2104,USA,Shreveport,7.5,6.6,6.6,7.3
2105,USA,Carlisle,10.0,11.1,9.5,9.5
2109,France,Bethune,10.3,11.4,13.9,13.4
2110,Germany,Krefeld,11.1,13.9,16.5,14.1
2115,Japan,Tagawa,12.6,13.8,13.8,15.0
2117,New Zealand,Blenheim,12.3,12.2,13.8,19.1
2120,Spain,Santa Cruz de Tenerife,11.2,7.4,6.9,8.0
2133,Germany,Eberswalde,10.4,11.4,16.0,14.8
2134,Germany,Datteln,8.6,10.8,14.4,14.4
2141,Slovakia,Banska Bystrica,15.8,15.3,17.6,19.7
2153,Belgium,Zwevegem,11.7,13.3,15.4,13.9
2154,Czech Republic,Znojmo,11.9,14.2,19.7,17.4
2159,Japan,Masaki,11.5,12.0,12.3,12.6
2160,Japan,Ozu,12.8,14.3,14.3,13.8
2173,USA,Toledo,7.7,7.5,7.9,8.0
2182,Brazil,Santos,13.7,15.4,14.8,15.9
2184,Germany,Dortmund,10.6,11.8,14.5,14.2
2185,Germany,Mönchengladbach,9.5,10.2,13.8,13.8
2186,Netherlands,Biest Houtakker,10.5,11.6,12.5,10.4
2195,USA,Atlanta,10.0,11.9,10.6,11.3
2199,USA,Spokane,11.1,8.1,10.6,10.9
2200,Austria,Traun,11.9,12.9,14.9,14.6
2205,Germany,Düsseldorf,10.7,12.9,12.5,12.3
2210,Japan,Dazaifu,12.0,14.3,15.3,15.8
2211,Japan,Imari,14.1,17.6,13.9,15.3
2223,USA,Merced,16.9,9.8,15.3,13.4
2224,USA,Stockton,16.1,9.6,17.7,12.5
2227,USA,Nampa,10.2,6.7,8.6,11.2
2229,USA,Seeley Lake,14.2,11.8,12.0,27.0
2232,USA,Chattanooga,10.8,12.4,8.6,8.9
2236,Austria,Enns,8.9,11.6,16.8,13.8
2237,Belgium,Destelbergen,10.9,12.5,14.2,13.6
2238,Belgium,Zelzate,11.9,14.7,15.6,15.0
2240,Chile,Arica,11.8,10.8,12.5,12.0
2241,Cyprus,Zygi,12.5,14.4,14.3,15.4
2242,Czech Republic,Prague,10.9,11.5,17.4,15.6
2243,France,Gap,9.8,10.7,11.7,11.7
2244,Germany,Worms,10.9,11.9,13.1,13.7
2246,Japan,Iizuka,11.8,12.6,13.5,13.3
2247,Japan,Omuta,13.8,15.6,15.3,15.9
2251,Netherlands,Utrecht,10.1,11.2,11.5,10.9
2260,United Kingdom,Hertford,10.4,7.6,10.2,14.7
2266,USA,Kamiah,9.0,7.5,8.5,10.9
2273,Austria,Linz,11.3,13.3,15.4,13.4
2275,Belgium,Stabroek,11.9,11.7,13.6,13.6
2277,China,Aba,14.3,14.7,11.3,9.1
2280,France,Melun,10.8,13.6,14.1,12.9
2281,Germany,Wuppertal,9.4,11.5,13.9,12.9
2282,Japan,Munakata,11.0,12.6,12.3,12.9
2283,Japan,Takasago,11.6,13.0,13.2,13.8
2284,Japan,Kanonji,11.7,15.1,18.3,17.3
2285,Japan,Tamano,11.8,13.1,13.4,13.6
2286,Japan,Hofu,12.1,12.4,12.3,13.0
2299,USA,Chicago,11.1,12.8,9.4,6.7
2301,USA,Libby,14.7,12.2,14.9,15.1
2308,Czech Republic,Liberec,11.6,12.5,18.4,15.8
2309,France,Strasbourg,10.6,14.0,14.4,15.9
2310,Japan,Saijo,12.5,14.3,14.8,14.7
2316,Spain,Beasain,9.8,10.2,9.5,8.5
2321,USA,Athens,8.2,10.1,8.9,9.0
2328,USA,Grants Pass,12.7,8.4,12.8,13.7
2333,USA,Spokane Valley,10.4,8.9,9.7,13.3
2334,Belgium,Gent,10.8,13.0,14.9,14.0
2335,Belgium,Seraing,10.9,10.5,12.5,11.4
2337,Brazil,Piracicaba,13.7,13.4,13.6,12.5
2339,Czech Republic,Kamenny Ujezd,11.5,12.0,16.4,16.9
2341,Czech Republic,Kromeriz,12.0,14.3,20.8,18.5
2342,France,Lyon,11.7,11.4,11.7,15.0
2343,France,Saint-Quentin,11.1,12.2,14.3,13.4
2344,France,Marseille,9.6,10.7,12.4,14.6
2345,Germany,Warstein,9.2,8.2,13.3,11.6
2349,Japan,Reihoku,12.8,14.6,12.3,12.8
2359,Taiwan,Taoyuan,13.8,16.0,17.9,17.5
2365,USA,Porterville,17.6,11.0,16.8,15.3
2368,USA,Granite City,10.1,11.8,11.2,10.1
2380,Austria,St. Polten,12.1,11.0,14.3,12.9
2382,Czech Republic,Kadan,11.2,12.8,18.8,14.8
2384,France,Annecy,9.9,9.5,12.1,13.5
2388,Japan,Kanda,13.3,13.5,14.3,14.9
2389,Japan,Arao,12.0,14.0,15.2,15.4
2390,Japan,Mashiki,16.4,17.4,18.4,18.4
2391,Japan,Bizen,10.8,13.4,13.7,13.5
2392,Japan,Yao,8.3,12.9,13.2,13.4
2411,Austria,Steyregg,11.3,12.3,13.7,14.6
2413,Belgium,Antwerpen,10.7,12.9,14.4,14.0
2414,Belgium,Beveren,11.6,13.3,14.9,14.4
2417,Belgium,Schoten,11.4,12.8,14.5,14.3
2421,France,Nancy,9.5,9.4,10.9,10.8
2424,Germany,Passau,11.4,12.6,14.9,15.1
2426,Germany,Ludwigshafen am Rhein,10.1,11.5,13.3,13.1
2427,Japan,Nogata,12.2,13.2,13.4,14.2
2428,Japan,Kikuchi,12.6,13.1,13.8,15.1
2432,Netherlands,Breda,9.1,11.5,14.1,11.6
2436,Spain,Lugones,12.8,13.5,12.1,15.5
2455,USA,Puyallup,11.0,9.0,8.1,7.2
2459,Germany,Mannheim,10.3,12.3,12.7,13.8
2460,Germany,Ansbach,10.9,11.1,13.1,13.4
2462,Japan,Sasaguri,11.0,11.4,13.0,13.1
2463,Japan,Yanagawa,11.5,13.1,13.3,14.7
2464,Japan,Kumamoto,13.0,14.4,15.3,16.2
2466,Japan,Miyazaki,10.9,12.2,12.2,13.0
2467,Japan,Takanabe,12.6,12.4,12.9,14.2
2469,Japan,Kitajima,11.7,11.9,12.3,12.5
2473,Spain,A Coruna,14.0,12.0,13.5,13.7
2478,United Kingdom,Stanford-le-Hope,11.7,11.7,10.0,11.1
2486,USA,Indianapolis,11.8,13.4,10.1,9.9
2491,USA,Chester,10.1,10.6,11.7,9.5
2495,USA,Kent,9.4,6.6,7.3,7.9
2500,Austria,Voitsberg,11.2,10.6,14.7,12.6
2502,Belgium,Boom,10.5,11.5,13.2,12.6
2503,Belgium,Damme,10.5,12.2,13.1,12.8
2507,Cyprus,Ayia Marina,9.5,10.3,12.9,10.9
2512,Germany,Heppenheim (Bergstrasse),9.3,11.3,13.8,13.5
2513,Germany,Essen,9.6,11.7,13.9,13.1
2514,Germany,Schwerte,8.4,8.7,13.1,12.3
2517,Netherlands,Vredepeel,10.3,12.1,12.1,9.5
2521,Spain,Valladolid,9.7,10.8,10.1,11.2
2528,USA,Peoria,8.2,8.6,9.6,9.9
2531,USA,Hamilton,7.8,6.3,6.9,15.5
2537,USA,Deer Park,10.6,7.5,8.0,8.0
2542,Czech Republic,Budejovice,11.0,12.7,16.9,17.1
2544,Germany,Stuttgart,11.0,11.7,12.8,13.6
2545,Germany,Bernau bei Berlin,10.9,13.2,16.4,15.9
2548,Japan,Imabari,13.0,14.9,14.7,14.6
2549,Japan,Fukuyama,11.4,12.9,14.2,15.4
2550,Japan,Harima,11.5,12.4,12.7,13.0
2551,Japan,Zentsuji,13.0,14.2,15.1,15.4
2552,Japan,Nara,10.3,11.2,11.5,11.2
2553,Japan,Oita,12.0,12.6,12.4,14.1
2564,USA,Sandpoint,10.2,6.4,10.7,11.1
2576,Austria,Eisenstadt,10.1,11.3,14.0,12.8
2577,Belgium,Dessel,10.7,12.3,13.2,13.8
2581,Germany,Cottbus,10.4,11.6,16.1,15.7
2582,Germany,Frankfurt/Oder,10.7,12.3,16.8,16.0
2585,Japan,Matsuyama,11.8,13.7,14.3,14.5
2586,Japan,Kure,11.4,12.9,13.8,14.8
2587,Japan,Kirishima,12.0,12.5,15.4,15.5
2588,Japan,Chigasaki,10.4,12.8,13.8,13.6
2592,Poland,Olsztyn,14.1,15.5,20.3,17.9
2594,Spain,Bilbo,9.2,9.7,9.7,10.2
2595,Spain,Villarejo de Salvanes,11.7,10.8,9.8,11.5
2599,United Kingdom,Northampton,10.3,11.6,11.1,10.1
2601,USA,Anaheim,12.4,9.1,12.0,13.6
2602,USA,Calexico,13.9,8.9,12.9,13.6
2604,USA,Riverside,14.4,12.4,12.8,13.8
2613,USA,Cottage Grove,17.1,9.9,8.4,11.0
2622,France,Metz,9.1,10.5,12.5,10.4
2623,France,Reims,10.0,11.2,13.1,13.3
2624,Germany,Kehl,9.9,11.4,11.5,12.3
2627,Germany,Lübeck,10.3,9.7,11.4,10.6
2629,Japan,Asakura,11.7,12.6,13.3,13.5
2630,Japan,Chikusei,10.8,12.2,12.7,12.3
2633,Japan,Shijonawate,11.6,12.9,13.9,14.1
2637,Netherlands,Nijmegen,10.0,11.1,11.9,11.0
2639,Netherlands,Schiedam,10.6,11.1,12.3,12.5
2640,Spain,Gijon,9.8,11.2,9.9,10.6
2645,Taiwan,Miaoli,13.4,16.6,19.6,19.1
2646,Taiwan,Penghu,12.3,13.1,14.3,15.7
2660,USA,Dearborn,9.1,9.5,9.9,10.0
2661,USA,Frenchtown,8.8,8.6,10.1,13.0
2665,USA,McKeesport,11.2,13.3,10.0,11.2
2669,USA,Marysville,9.2,8.9,8.2,8.3
2672,Austria,Durnrohr,9.6,10.5,11.5,11.5
2673,Austria,Haselbach,10.7,12.3,13.2,13.1
2674,Austria,Schondorf,9.9,11.3,13.3,12.2
2676,China,Sanya,11.2,13.7,14.3,14.9
2678,France,Lunéville,10.2,10.5,12.2,12.1
2679,France,Gennevilliers,9.0,11.9,13.0,12.7
2680,France,Gonesse,9.5,11.1,12.4,12.0
2681,Germany,Ulm,9.4,10.6,12.1,12.0
2682,Germany,Wurzburg,9.8,9.9,11.9,11.5
2686,Germany,Trier,10.1,10.9,12.8,12.5
2687,Italy,Torchiarolo,12.6,13.8,17.2,19.9
2689,Japan,Oshu,9.3,10.8,10.9,10.5
2690,Japan,Amakusa,12.4,13.5,13.3,14.1
2691,Japan,Kashihara,11.1,12.0,12.1,11.5
2692,Japan,Kurashiki,12.1,13.9,14.8,15.2
2697,Netherlands,Hoek v. Holland,10.1,10.5,10.7,11.4
2698,Poland,Zielona Gora,10.6,13.8,16.9,15.3
2699,Poland,Przemysl,18.0,20.9,23.1,25.7
2700,Russia,Moscow,10.5,10.0,10.1,8.4
2702,Spain,Mimetiz,7.2,7.7,8.0,8.0
2705,Spain,Valencia,10.2,13.3,14.5,11.5
2712,United Kingdom,Norwich,9.0,10.1,11.2,13.8
2721,USA,Camden,9.3,11.0,10.6,11.6
2727,USA,Roseburg,12.0,7.3,8.4,9.5
2735,USA,Ellensburg,8.8,6.5,8.2,16.1
2740,Belgium,Vilvoorde,10.6,12.6,14.9,14.2
2743,France,Mulhouse,12.0,11.7,13.0,14.2
2747,Germany,Munich,9.8,10.6,13.6,13.8
2748,Germany,Nauen,10.1,11.5,15.2,14.2
2749,Germany,Spremberg,10.6,12.1,16.8,15.6
2750,Germany,Hamburg,9.1,10.8,12.3,12.4
2753,Japan,Satsumasendai,12.4,13.2,15.2,16.1
2754,Japan,Okayama,11.6,13.2,13.9,14.3
2758,Japan,Naruto,11.3,11.8,13.0,13.1
2760,Netherlands,Rotterdam,9.5,11.2,12.1,11.2
2764,Taiwan,Keelung,13.5,12.6,13.5,15.7
2766,United Kingdom,Cardiff,7.6,11.5,10.3,9.2
2776,USA,Baltimore,9.9,11.2,8.5,8.5
2778,USA,Canton,10.0,11.3,10.3,9.8
2784,USA,Hendersonville,9.7,8.1,6.7,9.0
2785,USA,Conroe,10.5,10.2,8.5,8.6
2794,Belgium,Brussels,9.3,14.1,14.1,14.9
2797,Chile,Antofagasta,9.4,12.2,9.1,10.6
2799,Germany,Tubingen,9.3,10.9,11.1,11.1
2801,Germany,Leipzig,9.6,11.6,14.7,12.8
2803,Italy,Ceglie Messapica,31.7,30.7,16.2,15.7
2804,Japan,Mihama,10.6,12.2,14.9,13.6
2805,Japan,Mihara,11.8,12.8,13.3,13.4
2806,Japan,Inami,10.8,12.7,12.5,13.6
2807,Japan,Seika,11.6,13.2,13.9,13.9
2808,Japan,Nichinan,12.3,12.2,12.4,13.3
2810,Japan,Kashima,12.6,13.3,13.4,14.8
2817,Spain,Algete,10.5,13.2,12.3,10.8
2822,USA,Birmingham,9.9,11.5,9.8,10.2
2833,USA,Kansas City,10.8,9.4,10.1,9.5
2844,USA,Walla Walla,13.3,7.8,7.2,12.7
2846,Austria,Schwechat,10.9,11.6,15.2,13.4
2848,Austria,Wels,11.1,12.2,15.3,13.5
2849,Austria,Vienna,11.0,12.3,15.2,13.0
2850,Belgium,Aarschot,10.1,11.6,13.7,12.7
2851,Belgium,Veurne,9.8,11.3,12.8,11.7
2852,Chile,Coquimbo,10.6,12.0,12.8,17.1
2853,Czech Republic,Sedlec,10.3,12.6,18.6,16.2
2856,France,Vitry-Sur-Seine,10.1,10.9,13.4,11.8
2858,Germany,Neu-Ulm,10.0,10.6,13.2,12.5
2859,Germany,Köln,9.4,12.8,15.3,14.8
2862,Japan,Yame,11.6,12.7,14.3,13.7
2863,Japan,Kochi,11.0,11.2,11.2,12.8
2866,Japan,Yamatotakada,10.9,12.1,12.4,12.4
2868,Japan,Takeo,13.4,13.6,13.1,14.2
2870,Japan,Satte,10.8,15.5,15.6,15.9
2874,Netherlands,De Zilk,7.7,9.7,10.2,9.5
2877,Spain,Puerto del Rosario,8.1,7.8,10.5,7.7
2879,Switzerland,Bern,9.4,10.9,12.8,13.5
2883,United Kingdom,Lower Stoke,9.6,11.4,10.4,10.0
2885,United Kingdom,Swansea,8.3,11.2,12.8,14.7
2891,USA,Los Angeles,14.6,12.7,14.4,16.1
2896,USA,Decatur,9.2,9.6,9.1,9.7
2899,USA,Davenport,10.8,9.5,10.4,10.4
2917,France,Vaulx-en-Velin,10.7,10.6,10.8,11.4
2918,France,Campagne-les-Boulonnais,9.1,9.9,12.8,11.3
2919,France,Bobigny,10.6,10.0,11.2,11.2
2921,Germany,Augsburg,9.8,10.7,13.2,11.8
2922,Germany,Potsdam,9.7,11.5,14.8,14.9
2923,Germany,Schwedt/Oder,9.9,10.6,16.0,13.3
2924,Germany,Bremerhaven,9.7,11.4,12.4,11.5
2929,Japan,Higashihiroshima,11.3,12.8,13.0,13.8
2930,Japan,Kakogawa,11.3,13.5,14.2,14.7
2932,Japan,Mima,11.6,11.4,12.3,12.1
2933,Japan,Wakayama,10.3,11.3,12.5,13.3
2935,Netherlands,Ridderkerk,10.0,11.0,12.7,13.0
2937,Switzerland,Zurich,8.9,10.9,11.2,10.4
2946,USA,El Cajon,11.6,10.3,10.7,11.5
2951,USA,Sacramento,16.3,8.7,14.7,11.5
2952,USA,Yuba City,19.4,9.6,18.2,12.6
2953,USA,Wilmington,8.1,11.1,8.1,8.9
2956,USA,Saint Maries,11.5,11.2,10.7,13.0
2962,USA,Westlake,10.6,10.7,11.3,11.1
2964,USA,Raleigh,9.8,11.3,9.8,9.4
2977,USA,Vancouver,11.6,8.3,8.2,13.6
2984,France,Passy,10.9,10.0,11.1,17.1
2990,Japan,Fukuoka,11.4,13.1,12.8,13.9
2991,Japan,Otake,10.9,11.6,12.7,13.3
2992,Japan,Odawara,10.1,12.7,11.8,10.3
2993,Japan,Hyuga,13.2,11.4,11.6,13.5
2994,Japan,Tsuyama,10.2,11.7,12.2,12.2
2995,Japan,Sakai,9.8,12.5,13.0,12.8
2996,Japan,Ureshino,11.7,13.6,13.8,14.9
2997,Japan,Soka,10.3,11.7,12.5,14.0
3001,Netherlands,Maassluis,11.2,11.8,14.0,11.4
3002,Spain,Langreo,10.6,12.4,12.1,16.5
3004,Spain,Lugo,9.4,9.2,9.2,10.6
3006,Spain,Quart de Poblet,11.2,13.2,12.6,9.4
3007,Taiwan,New Taipei,12.9,14.1,15.2,16.9
3023,USA,Grand Rapids,9.2,8.6,8.0,8.2
3024,USA,Hattiesburg,9.6,8.8,9.6,8.7
3025,USA,Winston-Salem,9.1,12.3,7.2,7.7
3027,USA,Tulsa,9.7,11.6,11.6,10.3
3032,USA,South Padre Island,12.1,9.5,9.0,8.4
3033,USA,Richmond,8.8,11.4,7.2,7.2
3042,France,Dax,10.4,9.2,8.9,9.5
3043,France,Nice,9.2,11.1,12.5,13.9
3046,Germany,Kelheim,9.8,11.0,13.8,13.5
3048,Germany,Schwerin,9.1,11.9,12.5,12.1
3052,Japan,Tatebayashi,11.5,13.0,13.7,13.4
3054,Japan,Nobeoka,10.7,9.8,11.5,14.0
3055,Japan,Osaka,10.7,13.5,13.8,14.9
3056,Japan,Tosu,13.1,13.6,13.1,14.1
3060,Japan,Takaoka,10.0,11.2,11.5,11.7
3063,Spain,Collado Villalba,12.3,10.2,9.0,10.3
3067,United Kingdom,Nottingham,8.6,11.0,11.0,11.6
3068,United Kingdom,Chepstow,9.5,12.6,10.0,9.8
3074,USA,Upland,13.4,10.3,15.8,17.6
3086,USA,Charlotte,9.5,12.2,8.3,8.7
3087,USA,Durham,8.9,10.5,8.5,8.8
3096,Austria,Wiener Neudorf,11.0,11.5,14.0,12.4
3101,Chile,Copiapo,11.5,12.4,13.8,16.7
3102,France,Saint-Jean-de-Braye,8.9,9.9,10.7,11.9
3104,Germany,Heilbronn,8.9,12.2,13.1,13.4
3105,Germany,Oberaudorf,10.0,11.5,13.6,12.7
3106,Germany,Rostock,9.6,11.8,14.4,13.0
3109,Germany,Mainz,10.4,11.5,12.6,12.5
3112,Japan,Ikeda,9.4,11.9,12.4,11.9
3114,Japan,Taishi,9.7,11.8,11.7,13.0
3115,Japan,Izumi,11.2,13.2,12.8,11.7
3119,Japan,Oyama,12.2,12.9,13.2,13.7
3121,Netherlands,Amsterdam,9.9,10.7,11.5,12.2
3122,Netherlands,IJmuiden,8.7,9.8,9.8,8.1
3124,Slovakia,Nitra,14.1,15.1,17.6,17.0
3151,USA,Houston,10.4,10.8,9.7,9.0
3152,USA,Midlothian,9.3,9.2,9.3,9.2
3166,Germany,Reutlingen,8.5,11.9,12.7,14.5
3167,Germany,Blankenfelde-Mahlow,10.3,12.3,16.8,17.4
3168,Germany,Eisenhuttenstadt,10.4,11.8,16.7,14.7
3171,Germany,Hannover,8.2,10.9,12.8,12.0
3174,Japan,Buzen,10.8,11.5,14.5,14.6
3175,Japan,Tenri,10.5,14.1,16.6,14.8
3176,Japan,Saga,12.2,13.8,13.5,14.3
3178,Japan,Kudamatsu,11.4,12.6,12.9,14.0
3179,Japan,Sanyoonoda,10.2,12.3,12.2,16.5
3183,Netherlands,Wekerom,9.6,11.4,12.8,10.7
3193,United Kingdom,Cambridge,9.3,10.9,12.0,12.6
3198,USA,San Pablo,10.5,7.5,12.8,10.9
3200,USA,Meridian,10.5,7.9,7.7,10.6
3204,USA,Detroit,9.8,9.9,9.4,9.1
3207,USA,Kansas City,7.2,7.9,8.0,9.1
3210,USA,Cleveland,12.4,13.3,9.5,8.9
3218,USA,Seabrook,8.1,7.2,7.1,7.2
3226,Austria,Steyr,9.4,11.0,13.3,12.3
3229,Czech Republic,Jihlava,12.0,13.3,16.9,14.2
3230,France,Chalon-sur-Saone,8.7,10.1,11.1,10.6
3235,Germany,Bamberg,10.3,10.2,12.7,12.5
3236,Germany,Burghausen,10.3,11.2,14.3,12.9
3237,Germany,Lindau (Bodensee),9.8,10.2,12.4,11.2
3239,Germany,Bremen,9.5,11.0,13.0,11.7
3240,Germany,Erfurt,9.0,9.2,12.0,10.4
3241,Japan,Akashi,9.8,11.8,13.1,13.0
3242,Japan,Amagasaki,10.6,12.4,12.7,12.8
3243,Japan,Itami,10.2,11.7,11.3,11.1
3245,Japan,Suita,9.1,13.3,13.5,13.2
3246,Japan,Taku,11.5,13.1,13.1,13.9
3253,Spain,Vitoria-Gasteiz,7.8,8.1,8.6,8.9
3256,Taiwan,Taipei,12.6,13.9,14.9,15.8
3258,United Kingdom,Bristol,10.2,11.3,12.0,9.7
3263,USA,Elk Grove,13.0,6.2,12.3,8.8
3274,USA,Elizabeth,9.6,10.6,10.7,10.4
3277,USA,Cincinnati,10.1,11.2,10.4,9.7
3279,USA,McAlester,8.5,8.6,8.9,8.3
3280,USA,Portland,11.2,8.1,6.9,7.0
3281,USA,Beaver Falls,8.6,9.5,10.8,11.0
3297,Germany,Braunschweig,7.9,10.3,12.5,12.7
3299,Germany,Greiz,9.7,9.8,13.1,11.9
3302,Japan,Kitakyushu,12.6,13.5,14.0,14.8
3303,Japan,Hiroshima,10.3,11.9,12.5,13.5
3304,Japan,Shimotsuma,9.7,12.8,13.3,13.1
3305,Japan,Kagoshima,12.7,13.6,14.0,14.7
3306,Japan,Aso,10.5,11.5,10.6,11.6
3307,Japan,Kosa,10.8,11.9,12.0,12.8
3308,Japan,Joyo,10.3,11.7,12.5,12.8
3309,Japan,Kyoto,9.6,11.0,10.9,11.1
3311,Japan,Yashio,10.5,11.6,12.3,11.6
3312,Japan,Ome,8.5,9.1,10.3,10.2
3313,Japan,Hashimoto,10.1,11.2,11.9,13.1
3314,Japan,Shimonoseki,11.2,12.8,13.4,14.5
3315,Japan,Otsuki,10.1,11.2,10.9,11.2
3317,Netherlands,Cabauw,9.3,10.7,10.9,9.4
3319,Spain,Ourense,8.2,9.9,9.5,12.1
3329,USA,Gridley,16.9,10.0,16.9,12.3
3332,USA,Roseville,15.2,7.6,11.4,7.4
3338,USA,Pinehurst,11.8,9.1,12.7,14.8
3340,USA,Normal,8.7,10.1,9.8,9.6
3342,USA,Cedar Rapids,8.9,7.9,8.4,7.4
3347,USA,Pittsburgh,10.1,12.2,10.1,10.0
3361,France,Saint-Germain-sur-Rhone,7.9,8.1,9.3,9.5
3366,Germany,Pforzheim,8.4,9.7,11.0,10.4
3371,Japan,Ono,10.2,11.8,11.4,12.2
3373,Japan,Ichikikushikino,13.2,13.8,14.2,14.5
3375,Japan,Muko,9.7,11.0,11.6,11.7
3376,Japan,Yokkaichi,10.2,12.2,14.2,13.6
3380,Netherlands,Breukelen,9.1,10.6,11.7,9.9
3386,Spain,Durango,6.9,7.7,8.3,9.8
3389,United Kingdom,Eccles,8.4,9.8,11.0,10.8
3390,United Kingdom,Hatfield,9.3,9.5,11.2,12.4
3403,USA,Lewiston,10.5,7.5,8.3,11.4
3408,USA,Jackson,10.1,9.6,9.6,9.3
3411,USA,Moore,9.8,10.1,10.0,7.9
3412,USA,Cave Junction,15.3,7.5,13.3,12.0
3414,USA,Hillsboro,9.7,6.6,8.1,7.8
3426,USA,Tacoma,8.3,7.9,7.9,8.2
3429,Austria,Illmitz,10.2,11.1,13.9,12.5
3431,Belgium,Landen,9.1,10.9,12.8,12.5
3438,France,Billere,6.8,7.6,7.0,9.1
3439,Germany,Karlsruhe,9.1,11.2,11.4,11.6
3442,Germany,Neuwied,8.6,9.6,11.4,10.6
3443,Japan,Tsuchiura,9.0,12.7,12.7,12.0
3444,Japan,Nabari,10.2,11.7,13.8,12.4
3445,Japan,Yufu,9.6,10.1,10.3,12.0
3446,Japan,Kawaguchi,10.0,11.5,12.6,12.8
3448,Japan,Higashiomi,9.8,13.0,13.5,13.0
3450,Netherlands,Groningen,8.0,9.5,10.3,8.5
3452,Netherlands,Zaandam,11.3,13.3,11.4,11.7
3455,Spain,Vigo,9.4,10.5,11.0,13.4
3457,United Kingdom,London,9.6,11.4,12.0,12.7
3459,United Kingdom,Oxford,7.5,9.4,10.2,10.9
3462,USA,Alameda,12.6,8.3,10.3,9.5
3480,USA,Dayton,10.4,9.0,8.2,7.1
3482,USA,Charleroi,5.9,7.4,8.7,10.6
3486,USA,Fort Worth,9.3,8.4,10.0,8.1
3489,USA,Karnack,7.7,7.8,8.1,8.2
3499,France,Baume-les-Dames,9.6,9.8,10.4,11.0
3501,France,Mont-de-Marsan,7.9,8.0,9.3,9.4
3502,Germany,Weil am Rhein,8.7,9.9,10.6,10.4
3504,Germany,Oldenburg,8.6,12.0,13.9,15.0
3507,Germany,Kaiserslautern,8.9,10.2,12.5,11.9
3509,Japan,Abiko,12.1,13.1,13.2,13.1
3510,Japan,Ogaki,10.0,11.5,11.9,11.2
3511,Japan,Sanda,9.0,9.4,10.4,11.0
3512,Japan,Sakaide,10.4,11.4,12.9,13.0
3513,Japan,Minamisatsuma,11.8,13.2,13.3,12.9
3514,Japan,Suzuka,10.4,12.6,13.9,13.0
3515,Japan,Takaishi,7.9,12.7,12.3,12.8
3516,Japan,Karatsu,10.9,13.9,12.9,13.4
3517,Japan,Kuki,15.4,15.9,16.6,14.9
3518,Japan,Kumagaya,10.3,13.4,14.0,12.9
3519,Japan,Toda,10.1,11.5,14.9,13.4
3520,Japan,Hikone,9.7,11.2,12.2,11.4
3521,Japan,Iwakuni,9.5,11.5,13.6,13.8
3522,Japan,Waki,10.2,11.8,11.9,12.7
3524,Netherlands,Heerlen,8.3,9.7,10.6,9.1
3525,Spain,Madrid,9.0,9.2,10.0,9.9
3528,Ukraine,Kyiv,19.2,16.6,13.8,9.8
3529,USA,Fairbanks,5.0,10.4,7.7,8.5
3541,USA,Wichita,7.4,8.3,6.6,6.9
3547,USA,Lancaster,8.8,9.4,8.2,11.4
3555,France,Saint-Chamond,8.9,8.1,9.4,11.0
3556,France,Montargis,7.6,8.6,9.1,9.8
3560,Germany,Kiel,9.9,12.2,13.3,12.5
3561,Japan,Kasugai,10.2,11.8,12.6,12.6
3562,Japan,Owariasahi,9.6,11.2,12.1,11.3
3564,Japan,Maebashi,9.2,10.0,11.1,10.9
3565,Japan,Ako,8.0,10.1,10.5,10.7
3566,Japan,Kobe,10.1,11.4,11.7,12.9
3567,Japan,Joso,10.2,12.5,12.7,12.6
3568,Japan,Iga,9.9,12.0,13.3,12.6
3570,Japan,Isahaya,12.6,14.5,9.4,14.6
3571,Japan,Nagasaki,11.2,11.8,12.3,13.0
3572,Japan,Sasebo,11.0,12.6,12.8,14.8
3574,Japan,Izumiotsu,8.0,12.1,12.5,13.0
3575,Japan,Matsubara,8.0,15.0,16.5,14.2
3577,Japan,Omihachiman,9.4,11.6,12.4,12.4
3578,Japan,Takashima,9.1,10.3,10.8,11.5
3579,Japan,Higashikurume,9.3,11.5,12.9,12.6
3583,Portugal,Sines,6.2,6.8,5.9,4.9
3589,Switzerland,Binningen,10.1,10.5,10.8,9.8
3591,United Kingdom,Southampton,8.9,12.3,13.4,11.2
3594,USA,Huntsville,9.4,9.6,9.4,9.4
3616,USA,Medford,15.8,8.7,22.0,15.0
3617,USA,Springfield,16.0,9.0,9.0,11.2
3619,USA,Freemansburg,8.2,8.9,9.8,12.8
3621,USA,Knoxville,9.5,10.2,8.8,9.9
3626,USA,Madison,9.1,10.5,8.7,7.5
3627,Austria,Glinzendorf,10.6,11.2,14.3,13.8
3629,Belgium,Mons,7.9,12.1,11.3,11.4
3633,Chile,Huasco,10.3,10.3,11.5,12.3
3634,Czech Republic,Chystovice,9.1,10.1,14.5,11.8
3635,France,Toulon,9.1,11.8,11.9,12.4
3637,Germany,Gustrow,8.9,10.2,11.6,12.0
3638,Germany,Weimar,9.1,9.6,13.7,12.4
3641,Japan,Nagoya,9.4,11.7,12.1,12.2
3642,Japan,Tokai,11.3,13.4,14.8,14.3
3644,Japan,Yawatahama,9.6,10.4,10.3,11.0
3645,Japan,Marugame,10.7,12.6,13.7,13.7
3646,Japan,Atsugi,7.3,8.3,8.9,8.6
3647,Japan,Susaki,10.3,10.1,10.8,11.3
3648,Japan,Kumiyama,11.6,12.6,12.5,13.2
3650,Japan,Gose,10.7,11.4,12.4,12.5
3651,Japan,Ikoma,10.5,11.1,11.7,12.3
3652,Japan,Sakurai,10.2,11.4,11.8,11.3
3654,Japan,Daito,7.7,13.4,14.2,13.3
3657,Japan,Konosu,10.3,11.8,15.0,13.6
3660,Japan,Ashikaga,9.8,11.1,12.3,12.3
3662,Japan,Ube,9.7,11.4,11.9,12.8
3663,Netherlands,Den Haag,8.5,9.9,10.1,9.8
3675,United Kingdom,Manchester,8.1,10.5,10.8,9.0
3678,USA,Little Rock,9.1,9.1,9.4,9.6
3687,USA,Rio Vista,11.5,7.2,11.2,9.8
3688,USA,Three Rivers,23.1,9.0,20.8,20.4
3690,USA,Bonifay,9.4,9.3,8.1,9.1
3699,USA,Edmond,10.0,9.7,9.6,8.9
3704,USA,Salem,11.0,7.2,7.8,6.6
3709,USA,Alexandria,6.9,7.5,6.6,6.8
3713,USA,Lacey,7.8,6.6,6.4,6.5
3716,USA,Seattle,8.0,7.5,8.3,8.5
3718,USA,Yakima,11.2,10.4,11.4,14.6
3721,France,Biarritz,7.4,7.2,9.1,7.7
3725,Germany,Bösel,8.8,11.7,13.6,12.2
3729,Japan,Kamagaya,10.6,11.7,12.6,12.5
3730,Japan,Aioi,9.3,10.7,11.4,11.6
3731,Japan,Kyotanabe,9.7,11.0,12.4,12.3
3738,Japan,Hirakata,7.9,12.3,12.5,12.6
3739,Japan,Saitama,9.8,11.3,12.7,12.7
3740,Japan,Minami,10.2,10.7,11.3,11.2
3741,Japan,Tokyo,10.1,11.7,13.1,13.0
3742,Japan,Arida,9.9,11.2,11.8,12.2
3743,Japan,Shunan,11.3,12.6,12.7,13.8
3746,Norway,Baerum,6.7,9.1,9.7,9.0
3751,United Kingdom,Blackpool,8.3,10.3,8.3,7.6
3765,USA,Iowa City,9.7,9.6,8.6,8.2
3779,USA,Eugene,14.0,8.8,7.1,8.8
3785,USA,Mission,10.2,11.0,10.3,9.5
3796,France,Rambouillet,7.8,8.4,11.1,7.9
3800,Germany,Itzehoe,9.1,10.3,12.1,11.1
3801,Japan,Okazaki,9.0,11.2,12.0,11.6
3802,Japan,Chiba,9.1,10.4,11.0,10.7
3803,Japan,Noda,9.9,11.6,13.8,14.9
3805,Japan,Yotsukaido,10.5,11.5,12.5,11.8
3806,Japan,Himeji,11.2,11.8,12.6,13.2
3808,Japan,Kamiamakusa,10.2,11.5,11.6,11.6
3809,Japan,Beppu,9.2,10.0,10.3,12.0
3810,Japan,Koshigaya,10.2,14.3,16.8,15.2
3811,Japan,Utsunomiya,11.0,12.3,12.6,12.2
3812,Japan,Nagato,9.6,10.8,11.4,11.8
3814,Netherlands,Wieringerwerf,8.6,10.3,10.1,8.9
3821,United Kingdom,Plymouth,9.9,11.1,10.1,9.3
3824,USA,Springdale,8.2,8.9,9.3,9.8
3834,USA,Tallahassee,9.0,10.6,8.5,9.8
3835,USA,McCall,10.3,7.4,7.8,11.0
3839,USA,Kenner,7.7,8.6,9.6,7.9
3841,USA,Thibodaux,9.5,10.2,6.0,5.9
3842,USA,Hernando,8.2,8.3,9.1,8.5
3844,USA,Wilmington,8.0,10.1,4.4,6.6
3849,USA,Philadelphia,9.5,10.5,9.3,9.6
3851,USA,Austin,9.3,9.9,8.7,8.0
3857,USA,Waukesha,9.1,10.2,9.1,7.8
3860,China,Shigatse,9.0,10.7,14.6,12.5
3862,Czech Republic,Sokolov,8.9,9.4,15.1,13.1
3863,France,Montbeliard,10.2,10.9,11.3,11.1
3866,France,La Rochelle,7.9,9.1,9.2,8.0
3867,France,Poitiers,8.2,9.6,9.9,11.1
3868,Germany,Freiburg,8.1,9.4,10.6,10.5
3873,Germany,Flensburg,9.1,10.9,12.2,10.4
3874,Japan,Inazawa,9.7,11.5,12.7,11.5
3875,Japan,Ota,9.8,13.0,14.3,14.8
3876,Japan,Ashiya,10.0,11.2,11.2,11.2
3877,Japan,Tamba,8.9,10.1,10.2,10.3
3880,Japan,Nantan,9.6,11.1,11.6,11.8
3883,Japan,Kamiyama,9.6,9.7,10.7,10.5
3884,Japan,Machida,8.5,9.7,11.2,12.1
3888,New Zealand,Kaiapoi,10.0,11.9,10.9,14.0
3890,Poland,Rymanow-Zdroj,11.7,15.8,14.6,18.2
3893,Switzerland,Dubendorf,14.0,13.7,10.4,9.6
3896,United Kingdom,Leeds,8.5,12.3,11.5,10.0
3897,United Kingdom,Sandy,11.5,10.7,13.8,12.4
3900,USA,Decatur,7.7,7.5,7.7,7.6
3910,USA,Cary,8.3,10.1,9.0,8.0
3915,USA,Muscatine,7.6,7.9,10.0,9.7
3916,USA,Olathe,8.0,6.4,7.5,5.8
3919,USA,Louisville,9.1,9.7,9.4,8.8
3932,USA,Beaverton,10.7,6.9,6.5,6.2
3944,USA,Chelan,9.8,5.4,11.6,7.1
3954,Germany,Trostberg,9.7,10.3,12.8,12.0
3955,Germany,Buckow,9.8,11.6,13.7,12.9
3956,Germany,Koblenz,8.7,11.0,11.8,11.6
3960,Japan,Tahara,9.3,11.1,11.5,10.9
3961,Japan,Funabashi,11.2,12.3,12.5,12.0
3962,Japan,Nagareyama,9.9,11.4,12.2,11.8
3963,Japan,Gifu,9.4,11.4,12.2,11.5
3964,Japan,Tajimi,9.0,10.6,10.9,10.7
3965,Japan,Higashiagatsuma,9.5,9.7,10.8,10.2
3966,Japan,Miyoshi,10.4,10.9,11.1,11.6
3967,Japan,Takehara,10.4,10.6,11.9,12.5
3968,Japan,Takarazuka,9.0,11.1,11.4,11.6
3969,Japan,Aikawa,8.4,9.2,10.3,9.6
3970,Japan,Shimanto,10.1,10.7,10.7,11.4
3972,Japan,Ayabe,8.7,10.9,11.2,10.9
3973,Japan,Kizugawa,10.5,11.9,12.6,13.0
3974,Japan,Uji,9.0,10.5,11.7,11.9
3975,Japan,Usuki,9.7,10.0,10.5,12.1
3976,Japan,Ibaraki,8.1,13.4,12.3,12.5
3977,Japan,Hidaka,9.9,12.4,12.9,11.6
3978,Japan,Yorii,9.5,10.8,11.1,11.9
3980,Japan,Naka,9.6,10.3,11.7,11.6
3981,Japan,Kiyose,9.3,12.1,13.2,13.6
3982,Japan,Hagi,10.8,12.1,10.8,11.1
3983,Japan,Yanai,9.5,10.3,10.7,11.4
3986,Spain,Arucas,22.8,7.8,7.8,11.4
3990,Spain,Pontecesures,8.7,11.3,11.4,12.1
3991,Spain,Villa del Prado,10.8,11.1,10.8,9.4
3993,United Kingdom,Luton,8.5,9.8,9.5,10.1
3995,USA,Marion,8.2,8.5,8.7,9.4
3996,USA,Auburn,14.2,5.9,12.1,9.9
3998,USA,Chico,16.8,7.0,17.6,12.8
4003,USA,Panama City,10.0,8.8,8.6,9.0
4004,USA,Decatur,8.7,10.1,10.5,8.6
4007,USA,Keosauqua,7.5,7.2,7.5,8.4
4008,USA,Waterloo,7.6,8.4,10.6,10.5
4010,USA,Kalamazoo,8.3,7.6,8.0,8.1
4012,USA,Gulfport,9.6,9.2,8.3,8.2
4013,USA,Butte,8.4,7.2,6.8,13.6
4015,USA,Missoula,8.7,7.4,8.2,12.6
4016,USA,Newark,10.6,11.2,8.9,8.7
4020,USA,Fayetteville,7.1,7.7,7.3,9.0
4024,USA,Burns,11.6,7.7,10.1,10.8
4028,USA,Charleston,7.7,9.1,7.5,7.7
4033,USA,San Antonio,8.9,9.4,8.0,8.1
4040,USA,Toppenish,14.9,10.0,10.4,13.1
4042,Belgium,Tournai,7.2,11.0,11.1,10.9
4047,China,Qamdo,11.1,11.6,17.5,18.0
4048,France,Besancon,8.6,9.1,12.0,11.7
4049,France,Angouleme,8.7,9.2,8.6,8.9
4051,Germany,Elsterwerda,10.5,11.7,16.2,16.1
4053,Germany,Salzgitter,7.5,9.8,12.3,10.9
4054,Germany,Halberstadt,8.1,9.9,12.9,11.1
4057,Japan,Yachiyo,9.7,10.8,12.1,11.4
4058,Japan,Minokamo,9.0,10.7,10.9,10.7
4060,Japan,Kawasaki,9.5,11.3,12.6,12.0
4061,Japan,Yokosuka,10.5,11.7,12.6,11.6
4062,Japan,Kawagoe,9.1,10.9,11.1,15.2
4063,Japan,Matsusaka,9.4,10.5,10.4,13.1
4064,Japan,Goto,11.6,12.6,12.2,12.5
4065,Japan,Bungoono,9.3,9.5,10.0,11.4
4066,Japan,Kaizuka,9.5,14.8,17.3,14.3
4067,Japan,Honjo,9.6,10.7,12.3,12.1
4069,Japan,Nasukarasuyama,9.2,9.5,9.3,9.5
4070,Japan,Higashiyamato,9.1,11.1,11.0,12.5
4071,Japan,Kodaira,8.9,10.3,12.0,11.5
4072,Japan,Mitaka,9.7,11.1,14.0,14.3
4073,Japan,Uozu,9.5,10.1,10.0,9.5
4074,Japan,Yamaguchi,9.1,10.8,10.1,12.1
4075,Netherlands,Enschede,8.5,10.0,10.5,11.1
4076,New Zealand,Timaru,9.3,10.9,8.6,10.9
4080,United Kingdom,Eastbourne,8.1,10.8,12.6,11.4
4085,USA,Colfax,13.5,6.1,11.3,6.6
4090,USA,Quincy,25.4,8.2,11.4,13.3
4092,USA,San Diego,11.7,9.4,12.4,12.8
4097,USA,Alsip,7.8,10.6,9.0,9.0
4102,USA,Allen Park,8.7,8.4,9.1,8.8
4105,USA,Minneapolis,8.4,8.8,7.8,7.7
4106,USA,Rochester,8.8,8.7,8.6,7.7
4111,USA,Greenville,6.3,9.4,7.0,7.8
4112,USA,Akron,10.6,11.3,9.0,8.8
4113,USA,Lebanon,7.6,9.1,8.5,9.1
4118,USA,Marcus Hook,8.5,8.2,11.0,8.8
4121,USA,Spartanburg,8.0,8.5,7.8,8.5
4126,USA,Hampton,8.1,9.4,6.3,8.2
4132,Canada,Edmonton,6.5,7.4,10.5,8.2
4136,France,Saint-Nazaire,8.7,8.6,9.2,9.6
4137,Germany,Wittenberge,8.8,10.5,13.7,13.6
4142,Japan,Obu,9.1,11.4,11.6,11.2
4143,Japan,Tokoname,9.6,11.1,13.2,11.0
4144,Japan,Tsushima,9.4,10.9,11.6,11.0
4145,Japan,Kashiwa,9.6,11.3,12.5,12.2
4146,Japan,Wakasa,8.9,10.7,11.4,11.3
4147,Japan,Nishinomiya,9.9,10.7,11.3,12.2
4149,Japan,Miura,7.9,8.7,9.4,8.9
4150,Japan,Sagamihara,8.6,9.8,10.3,9.8
4151,Japan,Samukawa,9.6,9.6,10.1,9.8
4155,Japan,Hiji,9.3,10.2,11.0,12.4
4156,Japan,Kunisaki,8.9,9.8,10.1,11.4
4157,Japan,Hannan,9.2,10.6,11.1,11.2
4159,Japan,Chichibu,9.7,14.2,14.4,12.9
4160,Japan,Fukaya,10.8,11.9,13.5,12.7
4161,Japan,Koka,9.3,10.6,10.6,11.0
4162,Japan,Kusatsu,8.8,10.6,11.0,11.3
4163,Japan,Moriyama,9.0,11.6,11.5,11.9
4166,Japan,Kinokawa,9.9,10.3,11.5,10.5
4167,Japan,Shinjo,8.2,9.1,9.2,8.6
4168,Japan,Shonai,8.5,9.3,9.4,9.0
4178,United Kingdom,Southend-on-Sea,8.6,10.7,12.4,12.3
4186,USA,Tracy,11.4,6.7,11.7,7.7
4188,USA,Jacksonville,8.6,8.8,7.2,5.2
4189,USA,Champaign,9.4,9.9,8.6,9.1
4192,USA,Baton Rouge,8.7,10.4,10.0,9.9
4195,USA,Merritt,8.1,7.9,6.3,6.1
4197,USA,Ypsilanti,9.5,9.0,8.1,8.2
4198,USA,Columbia Falls,7.5,7.0,10.5,11.0
4205,USA,Greenville,7.8,8.6,7.4,9.0
4207,USA,Waco,7.5,6.8,6.9,6.0
4222,France,Forbach,9.1,11.6,12.2,11.5
4223,France,Saint-Dizier,8.5,8.9,12.0,11.2
4225,France,Marmande,8.4,7.8,8.9,9.0
4229,Germany,Leizen,8.7,10.7,11.9,11.0
4233,Japan,Ichikawa,9.3,10.0,12.6,12.0
4235,Japan,Yokoshibahikari,9.0,9.9,10.4,10.6
4237,Japan,Yokohama,9.6,10.5,11.3,10.7
4238,Japan,Kameoka,10.1,12.0,11.9,12.3
4239,Japan,Nago,8.2,8.9,9.6,8.8
4240,Japan,Takatsuki,7.0,10.8,11.4,11.7
4241,Japan,Iruma,10.8,12.3,12.8,12.0
4244,Japan,Nagahama,8.7,10.8,11.2,11.2
4246,Japan,Tama,8.7,10.0,10.9,12.2
4247,Japan,Himi,8.7,8.3,10.2,10.3
4248,Japan,Nyuzen,8.9,9.9,10.4,10.3
4252,Norway,Porsgrunn,7.5,7.6,7.5,7.4
4253,Spain,Donostia,8.0,8.9,9.6,8.8
4259,United Kingdom,Sheffield,10.0,12.7,12.8,9.6
4260,United Kingdom,Stoke-on-Trent,7.7,9.6,9.5,8.8
4272,USA,Oxnard,9.3,7.2,8.7,9.5
4276,USA,Simi Valley,10.7,8.9,8.9,9.4
4278,USA,Lake City,9.3,9.0,8.5,9.2
4279,USA,Cicero,8.0,11.3,9.6,9.3
4281,USA,Owensboro,8.0,8.7,9.0,10.7
4284,USA,Tecumseh,8.8,9.2,8.1,7.7
4285,USA,Saint Paul,9.1,9.5,8.2,7.5
4286,USA,Columbia,7.6,7.2,8.2,8.5
4292,USA,Memphis,8.1,8.2,8.1,7.9
4294,USA,Corpus Christi,7.9,8.8,9.4,8.7
4298,USA,North Bend,8.7,4.8,4.7,5.0
4304,Canada,Toronto,7.0,7.4,7.8,7.5
4305,Canada,Windsor,8.1,8.2,8.6,8.0
4307,China,Shannan,8.7,9.6,10.0,12.0
4308,China,Altay,11.1,9.9,9.3,12.6
4311,Germany,Fulda,10.5,12.2,14.4,14.0
4312,Germany,Luchow,7.7,10.1,11.6,11.3
4316,Japan,Inzai,8.6,9.4,8.5,8.4
4317,Japan,Koriyama,8.0,9.7,9.9,9.6
4318,Japan,Naraha,7.8,10.3,10.7,10.0
4319,Japan,Ide,9.4,10.6,11.2,11.0
4320,Japan,Minamiyamashiro,8.4,10.0,10.4,11.1
4321,Japan,Kuwana,8.2,9.9,10.6,13.1
4323,Japan,Tsukumi,8.9,9.6,10.1,11.1
4324,Japan,Moriguchi,8.2,9.4,10.1,10.0
4325,Japan,Tondabayashi,7.3,15.0,15.1,13.8
4326,Japan,Tokorozawa,10.3,13.1,14.2,14.0
4327,Japan,Tochigi,8.7,9.5,10.1,10.1
4328,Japan,Higashimurayama,10.6,12.1,13.5,13.3
4329,Japan,Hino,8.9,11.2,12.5,12.0
4337,United Kingdom,Leicester,7.5,11.4,10.5,10.6
4341,United Kingdom,Port Talbot,9.7,10.3,10.8,10.3
4350,USA,East Hartford,7.3,7.0,7.1,7.1
4351,USA,Hartford,7.8,7.7,8.1,8.2
4356,USA,Emmetsburg,6.4,7.7,8.6,8.7
4369,USA,Hickory,8.0,8.7,8.3,9.1
4370,USA,Glenpool,9.0,8.4,10.3,10.1
4371,USA,Ponca City,9.3,8.3,8.1,8.0
4375,USA,Athens,8.7,10.0,7.6,8.9
4376,USA,Port Arthur,9.0,8.7,10.2,8.9
4381,USA,Kennewick,9.0,6.5,8.2,11.7
4386,USA,Omak,11.9,8.7,12.7,11.6
4390,Belgium,Charleroi,7.9,10.6,12.0,11.4
4391,Belgium,Chatelet,7.3,11.2,11.7,10.6
4392,Canada,Burlington,7.4,6.8,7.5,7.4
4393,China,Ganzizhou,8.7,11.5,17.9,15.6
4396,France,Joue-Les-Tours,9.1,10.4,10.3,12.2
4397,France,Épernay,8.2,9.3,10.5,9.6
4398,France,Jonville-en-Woëvre,9.5,9.6,11.2,10.5
4403,Japan,Seto,9.2,10.4,11.3,11.2
4404,Japan,Futtsu,8.7,9.9,10.1,9.2
4405,Japan,Kimitsu,8.8,9.9,10.0,9.9
4406,Japan,Kisarazu,9.4,11.1,11.8,11.4
4408,Japan,Kitahiroshima,9.2,10.2,10.6,11.5
4409,Japan,Toyooka,8.6,12.3,12.0,11.1
4410,Japan,Hitachiomiya,8.3,9.2,9.7,8.7
4411,Japan,Ebina,6.7,6.7,7.5,7.0
4412,Japan,Kamakura,8.4,10.2,11.3,9.8
4413,Japan,Aki,9.3,9.2,10.0,10.8
4415,Japan,Matsumoto,8.6,9.7,9.5,9.6
4418,Japan,Izumisano,7.2,10.8,11.6,11.4
4419,Japan,Kishiwada,7.6,10.8,11.6,11.1
4420,Japan,Kawagoe,8.4,9.9,10.5,10.6
4422,Japan,Nikko,8.5,8.8,9.5,7.4
4423,Japan,Tokushima,8.5,9.3,10.3,11.6
4424,Japan,Kunitachi,8.8,10.7,13.2,12.6
4425,Japan,Musashino,9.8,11.0,12.7,12.6
4432,United Kingdom,Chatham,10.2,14.0,15.2,14.1
4433,United Kingdom,Stevenage,9.5,8.7,10.5,10.8
4434,United Kingdom,Watford,8.1,9.1,9.2,10.0
4447,USA,Vallejo,11.5,7.7,13.0,11.9
4449,USA,Winchester,9.5,7.8,7.4,10.2
4450,USA,Bridgeport,8.1,7.8,8.0,7.3
4451,USA,Apollo Beach,8.3,8.3,8.3,9.1
4452,USA,Crystal River,8.7,8.2,8.3,9.7
4453,USA,Stuart,8.3,7.9,7.8,8.0
4454,USA,Moscow,9.3,3.6,5.4,7.7
4457,USA,Hazard,7.3,8.0,9.2,8.9
4462,USA,Lansing,7.9,7.5,7.3,7.5
4464,USA,Port Huron,7.4,7.5,7.8,8.2
4466,USA,Rochester,6.6,6.6,6.3,6.7
4472,USA,Florence,6.9,7.9,7.5,7.5
4475,USA,Galveston,8.8,8.0,8.8,9.8
4484,Cambodia,Phnom Penh,21.1,21.1,20.1,20.8
4488,Canada,Hamilton,9.4,10.1,8.9,8.3
4489,Canada,Mississauga,6.9,6.9,7.4,7.2
4493,Germany,Belau,8.2,10.0,9.3,9.4
4496,Japan,Matsudo,12.6,14.2,13.6,13.0
4497,Japan,Sosa,11.8,11.8,12.1,12.0
4499,Japan,Takayama,7.8,8.5,9.0,8.5
4501,Japan,Kawanishi,8.5,8.7,10.2,13.6
4502,Japan,Morioka,8.0,9.9,10.3,12.8
4503,Japan,Takamatsu,9.6,11.2,13.3,13.4
4504,Japan,Hiratsuka,8.7,10.5,11.7,13.1
4505,Japan,Yamato,8.4,10.7,12.0,11.2
4506,Japan,Kumano,8.7,9.6,12.6,11.6
4508,Japan,Oji,8.7,9.4,10.9,11.7
4510,Japan,Kunigami,10.1,10.3,10.8,10.7
4511,Japan,Kashiwara,7.3,12.8,13.5,13.5
4513,Japan,Masuda,9.4,10.1,11.7,12.5
4515,Japan,Nishitokyo,9.9,11.5,13.6,13.2
4516,Japan,Sakata,8.4,9.4,8.3,8.5
4519,New Zealand,Masterton,11.2,12.5,11.1,14.7
4521,United Kingdom,Harlington,8.2,10.1,9.5,9.7
4524,USA,McCalla,8.5,9.7,9.4,9.3
4532,USA,Fillmore,9.9,7.6,9.9,8.4
4544,USA,San Jose,10.5,6.4,12.4,10.4
4546,USA,Woodland,15.7,8.1,12.9,10.0
4551,USA,Gulf Breeze,9.2,8.8,8.3,9.2
4553,USA,Grangeville,8.7,5.8,6.4,8.8
4555,USA,Wilmington,8.2,9.1,8.8,8.6
4556,USA,Anderson,8.6,9.0,8.8,8.8
4557,USA,New Orleans,9.0,10.2,9.4,9.5
4563,USA,Allentown,8.3,8.4,9.3,9.0
4567,USA,Clear Brook,7.2,7.9,6.8,6.8
4574,Canada,London,6.7,6.4,7.3,7.1
4575,France,Thionville,7.3,8.6,10.6,12.2
4576,Germany,Gulzow,8.5,9.5,12.0,11.5
4580,Japan,Kumakogen,8.1,8.2,8.4,8.3
4581,Japan,Numata,10.8,11.8,13.1,12.6
4582,Japan,Tomioka,8.6,9.6,10.2,9.0
4583,Japan,Tsumagoi,7.7,8.5,9.2,9.1
4585,Japan,Fujisawa,9.1,10.1,11.2,10.2
4586,Japan,Hadano,7.0,7.7,8.6,7.9
4588,Japan,Ikeda,8.5,13.2,12.6,13.2
4590,Japan,Otsu,8.6,9.6,10.1,10.4
4591,Japan,Tachikawa,8.7,10.2,12.1,11.4
4592,Lithuania,Klaipeda,8.8,15.5,20.4,17.2
4598,Spain,Santiago de Compostela,9.0,8.7,10.3,12.7
4600,USA,Davis,15.1,7.7,11.2,9.1
4609,USA,Oceanside,10.2,6.9,10.3,11.0
4613,USA,Palm Harbor,9.0,8.8,8.0,9.3
4614,USA,Venice,8.3,7.9,8.3,9.1
4622,USA,Arnold,7.7,7.3,7.6,8.6
4623,USA,Saint Joseph,7.8,8.6,9.0,8.7
4633,USA,Greensburg,7.3,7.3,7.2,11.7
4634,USA,State College,7.3,9.9,8.7,9.4
4638,USA,Orange,9.1,8.4,10.5,8.7
4639,USA,Colville,13.4,8.3,13.3,19.1
4648,Canada,Kitchener,6.9,6.8,7.5,7.3
4649,France,Dijon,7.6,7.7,8.6,10.1
4653,France,Limoges,7.6,7.2,8.4,8.7
4659,Japan,Uwajima,9.6,9.4,9.9,10.4
4664,Japan,Inabe,7.8,9.8,10.1,12.8
4667,Japan,Hachioji,8.9,10.4,11.6,11.8
4668,Norway,Fredrikstad,7.0,8.4,8.8,9.0
4670,Switzerland,Payerne,7.5,8.2,8.5,8.5
4671,United Kingdom,Birmingham,7.7,9.7,11.8,10.6
4685,USA,San Francisco,9.6,7.1,12.6,10.0
4691,USA,Northbrook,7.3,8.8,9.1,8.8
4693,USA,Flint,6.5,7.9,8.0,7.4
4703,USA,Pendleton,12.1,8.2,8.9,9.9
4705,USA,Altoona,7.8,9.3,7.9,8.8
4706,USA,Trenton,7.1,8.1,7.5,8.2
4710,USA,Bremerton,7.3,5.9,5.1,6.6
4716,Australia,New Norfolk,8.3,8.5,9.3,11.2
4717,Belgium,Herstal,7.1,10.4,11.0,10.1
4724,France,Auxerre,7.2,8.1,8.1,10.2
4727,Germany,Gottingen,7.4,10.0,12.2,11.2
4728,Germany,Eggebek,8.2,10.8,12.3,9.2
4731,Japan,Nagakute,9.0,10.8,11.3,10.5
4732,Japan,Toyohashi,8.9,10.4,10.7,10.4
4733,Japan,Narita,8.8,11.3,12.1,11.7
4735,Japan,Abira,7.1,9.2,9.1,8.4
4737,Japan,Fukuchiyama,8.5,9.8,10.4,10.6
4738,Japan,Maizuru,9.1,11.7,12.0,12.2
4739,Japan,Miyazu,8.2,9.9,10.8,9.8
4740,Japan,Ise,8.5,9.3,9.9,13.4
4741,Japan,Tsu,8.1,8.8,9.8,12.0
4742,Japan,Natori,10.1,11.6,11.1,11.2
4743,Japan,Shibata,7.9,9.7,9.4,9.0
4748,Japan,Sagae,8.1,8.3,9.0,8.3
4753,Spain,Telde,8.5,7.8,5.4,8.4
4755,Spain,Elda,9.2,9.7,10.1,10.9
4759,USA,Grass Valley,13.7,5.5,6.8,3.9
4766,USA,Danbury,8.0,7.8,8.0,7.8
4767,USA,Tampa,8.8,8.7,8.6,9.2
4770,USA,Elizabethtown,7.4,7.7,9.7,9.9
4789,Canada,Montreal,9.5,10.0,7.0,6.8
4797,Japan,Gamagori,8.9,10.6,11.5,10.7
4798,Japan,Nishio,9.5,10.7,11.5,11.7
4799,Japan,Toyokawa,8.5,10.2,12.9,12.8
4800,Japan,Aomori,10.3,11.6,10.2,10.5
4802,Japan,Sabae,10.6,13.3,14.3,13.7
4803,Japan,Nishiwaki,9.5,11.0,11.5,11.3
4804,Japan,Nonoichi,9.7,10.6,10.8,11.3
4806,Japan,Fussa,10.0,10.7,11.2,10.7
4808,Japan,Nanto,8.1,9.9,11.0,10.0
4809,Japan,Mine,8.8,10.4,11.5,11.6
4817,United Kingdom,Stockton-on-Tees,7.5,8.8,9.8,8.5
4832,USA,Idaho City,11.3,9.0,10.6,10.7
4834,USA,Lexington,7.9,8.2,9.9,7.6
4839,USA,Buffalo,7.0,7.0,7.7,7.6
4860,USA,Potosi,8.4,8.7,8.3,7.1
4862,Australia,Longford,9.7,9.5,11.6,10.7
4863,Belgium,Engis,7.4,12.2,11.9,12.7
4864,Belgium,Saint-Nicolas,7.2,10.1,10.8,9.4
4876,Japan,Togo,8.7,10.8,11.3,11.9
4877,Japan,Hachinohe,9.7,11.4,10.5,10.4
4878,Japan,Ichihara,9.6,10.9,11.5,11.6
4879,Japan,Kaga,7.8,9.0,9.2,8.2
4882,Japan,Matsue,9.4,10.8,11.8,12.7
4885,Japan,Yaita,7.6,9.3,10.3,10.0
4886,Japan,Chofu,9.3,11.0,11.8,10.7
4887,Japan,Imizu,7.8,8.9,9.5,9.4
4888,Japan,Tsuruoka,8.6,9.0,9.2,8.5
4890,New Zealand,Geraldine,10.0,10.4,11.0,13.0
4891,New Zealand,Rangiora,9.7,9.7,8.3,11.2
4895,United Kingdom,Preston,7.4,9.3,9.3,8.7
4898,USA,Concord,11.7,6.5,13.3,12.4
4901,USA,Huron,8.7,5.8,10.3,10.3
4905,USA,Oakland,10.7,7.0,13.5,11.4
4912,USA,New Haven,7.9,8.0,7.4,8.0
4920,USA,Ashland,7.5,7.8,7.9,8.8
4922,USA,Brockton,7.8,7.1,7.0,7.1
4926,USA,Greensboro,7.5,9.5,7.6,8.1
4928,USA,Seiling,7.3,8.1,8.1,6.9
4929,USA,Ashland,12.4,6.4,14.8,10.9
4931,USA,Plymouth Meeting,7.5,7.8,7.8,8.8
4932,USA,Watertown,10.7,7.2,7.8,7.8
4945,USA,Milwaukee,8.1,8.5,8.1,7.2
4946,Belgium,Liège,6.5,9.2,10.8,10.0
4951,Germany,Bad Belzig,8.6,10.0,11.6,11.1
4953,Japan,Inuyama,8.7,11.1,12.0,10.8
4954,Japan,Oga,7.8,9.5,9.6,9.4
4955,Japan,Sakura,7.6,9.0,9.8,10.4
4958,Japan,Iki,11.6,12.6,14.2,13.5
4959,Japan,Toyono,6.7,9.8,10.1,10.0
4962,Japan,Toyama,7.5,8.4,8.1,8.0
4963,Japan,Kainan,8.9,9.6,10.2,10.5
4965,Netherlands,Diemen,8.1,10.5,12.5,9.2
4966,Norway,Lillestrom,6.1,6.6,7.5,6.7
4967,Norway,Moss,7.4,8.9,8.5,7.7
4983,USA,Waterbury,8.1,7.8,8.7,7.4
4992,USA,Keene,8.5,8.3,6.1,5.9
4993,USA,Rahway,7.6,7.5,7.5,8.1
4998,USA,Klamath Falls,16.5,9.1,18.9,13.2
5001,USA,Columbia,7.8,8.1,8.0,9.0
5002,USA,Dyersburg,6.4,7.0,7.4,7.2
5011,Australia,Rocklea,6.5,9.0,6.8,7.2
5012,Australia,Perth,8.4,6.4,9.3,9.7
5019,France,Les Mazures,5.9,6.7,7.3,6.6
5022,Japan,Akita,9.6,12.2,11.5,10.9
5023,Japan,Mobara,8.1,9.3,9.5,9.4
5024,Japan,Fukushima,7.7,10.2,10.6,9.9
5025,Japan,Iwaki,7.3,9.1,9.1,8.6
5026,Japan,Hitachinaka,8.3,9.3,9.4,8.9
5027,Japan,Hakusan,7.3,9.0,11.1,10.8
5028,Japan,Nanao,7.6,11.2,11.2,10.7
5029,Japan,Wajima,7.2,8.0,7.8,8.0
5031,Japan,Shiroishi,8.5,10.3,10.2,10.1
5032,Japan,Ina,7.3,8.4,8.5,8.6
5033,Japan,Sado,7.9,9.3,11.4,9.5
5034,Japan,Niimi,7.2,8.6,9.3,9.1
5036,Japan,Fuchu,10.7,12.2,13.6,12.7
5039,Japan,Yamagata,8.4,9.1,9.6,8.8
5042,New Zealand,Waimate,9.6,10.2,7.8,12.3
5045,Taiwan,Hualien,8.7,9.4,8.8,11.9
5046,United Kingdom,York,7.9,9.6,9.8,9.5
5058,USA,Portola,21.3,16.9,20.4,19.1
5062,USA,Ventura,10.2,9.2,8.3,9.6
5069,USA,Presque Isle,4.9,4.8,5.2,5.8
5074,USA,Candor,7.1,7.6,6.7,6.5
5076,USA,New Salem,5.0,4.9,6.3,6.4
5078,USA,John Day,10.8,8.9,10.6,11.1
5084,USA,Odessa,7.6,7.8,7.9,6.9
5085,USA,Socorro,8.3,6.9,7.0,8.3
5088,USA,Shelton,9.2,7.6,9.1,11.9
5089,USA,Twisp,7.8,6.0,16.6,18.8
5091,USA,Appleton,7.4,8.2,6.6,6.0
5092,USA,Pleasant Prairie,6.7,7.6,7.4,6.8
5093,Belgium,Andenne,6.2,10.3,11.7,9.7
5100,France,Lons-le-Saunier,6.6,6.8,10.1,10.6
5101,France,Fontainebleau,6.4,7.4,7.7,7.5
5104,Japan,Takahama,9.6,11.8,12.7,12.4
5105,Japan,Toyota,7.9,9.2,9.7,9.0
5106,Japan,Katori,7.3,8.4,8.4,8.1
5107,Japan,Sodegaura,8.6,9.7,10.9,11.5
5110,Japan,Kamisu,8.1,8.8,9.0,12.1
5111,Japan,Kasama,7.3,8.0,9.0,10.6
5112,Japan,Hanamaki,7.7,8.8,9.2,11.2
5113,Japan,Kyotango,7.6,10.1,10.9,10.4
5115,Japan,Kiso,7.2,8.1,8.7,7.6
5119,New Zealand,Ashburton,9.0,9.7,9.4,11.7
5121,Portugal,Lisbon,9.1,9.4,11.7,14.1
5124,United Kingdom,Birkenhead,7.2,8.5,8.3,7.3
5125,United Kingdom,Chesterfield,7.3,9.0,9.7,8.8
5126,United Kingdom,Chilbolton,7.7,8.5,8.9,7.5
5127,United Kingdom,Newcastle upon Tyne,7.7,10.2,9.0,7.3
5129,USA,Anderson,15.9,10.6,27.8,23.5
5141,USA,Truckee,11.1,7.2,11.8,14.0
5144,USA,Melbourne,8.0,7.0,7.2,8.1
5148,USA,Helena,6.5,7.7,6.7,9.9
5149,USA,East Brunswick,7.8,8.2,8.1,8.6
5154,USA,Healdton,9.4,7.7,8.7,8.2
5160,USA,Burgettstown,8.1,8.9,7.3,8.5
5166,USA,Vinton,7.1,7.6,7.1,6.7
5168,Austria,Bad Ischl,7.8,8.5,10.4,8.7
5170,Canada,Bruderheim,6.1,7.7,10.7,7.0
5171,Canada,Fort Saskatchewan,5.8,7.5,11.6,7.9
5172,Canada,Brampton,6.8,6.7,7.5,7.6
5173,Canada,Brantford,7.1,7.1,7.8,7.4
5174,Canada,Sarnia,7.2,7.2,7.5,7.2
5178,France,Verneuil-Les-Bois,6.4,7.2,7.1,7.4
5182,Japan,Kariya,9.0,11.0,12.3,11.8
5184,Japan,Yurihonjo,7.4,9.1,9.2,8.4
5185,Japan,Kakamigahara,8.3,9.5,10.1,9.3
5187,Japan,Nagai,7.9,8.2,8.8,8.5
5188,Japan,Yonezawa,7.7,8.2,8.7,8.3
5192,United Kingdom,Coventry,7.4,9.3,12.1,11.4
5194,United Kingdom,Royal Leamington Spa,7.1,9.5,11.0,11.0
5195,United Kingdom,Sunderland,6.6,10.0,8.5,7.4
5198,USA,Banning,9.9,9.6,11.0,12.0
5201,USA,Folsom,14.5,6.5,10.2,7.9
5211,USA,Smiths Grove,7.6,8.0,9.1,9.0
5216,USA,Haverhill,6.2,6.3,6.0,5.8
5217,USA,Lynn,6.0,6.6,7.0,6.1
5220,USA,Sparks,10.7,5.6,7.7,8.4
5224,USA,Stilwell,6.3,6.6,7.5,8.1
5227,USA,Bend,13.6,5.8,8.4,10.0
5228,USA,Corvallis,10.4,5.8,5.9,6.2
5234,USA,Kaufman,8.1,8.0,7.5,8.1
5240,USA,Aberdeen,5.0,5.0,5.7,9.9
5244,USA,Winthrop,7.5,5.3,11.2,16.0
5245,USA,Green Bay,7.4,7.8,6.5,6.1
5246,USA,Horicon,7.7,8.1,7.7,6.0
5247,USA,La Crosse,7.7,7.9,7.7,6.8
5252,Canada,Lethbridge,6.8,6.5,9.9,7.7
5255,Canada,Guelph,7.3,7.1,8.1,7.3
5257,China,Xilin Gol,9.8,10.1,16.1,15.1
5258,Germany,Andechs,7.2,8.0,10.9,8.9
5260,Japan,Goshogawara,8.0,11.6,10.5,9.5
5262,Japan,Sumoto,7.5,8.7,9.4,9.3
5265,Japan,Komatsu,10.2,10.6,10.7,10.2
5273,Norway,Hamar,7.0,8.5,8.8,11.8
5276,Taiwan,Yilan,9.7,11.0,11.8,12.7
5277,United Kingdom,Middlesbrough,7.5,10.4,8.9,8.0
5291,USA,Redwood City,10.0,6.3,11.5,10.0
5293,USA,Vacaville,11.2,5.3,8.7,8.6
5297,USA,Greenfield,8.4,7.0,5.9,5.6
5299,USA,Omaha,9.5,9.1,8.5,9.6
5301,USA,Lawton,8.2,8.6,7.1,7.1
5303,USA,Albany,11.3,6.0,6.5,7.1
5307,USA,Denton,8.5,7.4,8.1,8.3
5308,USA,Bellingham,6.0,5.1,5.5,10.2
5313,USA,Baraboo,7.4,7.6,6.9,5.9
5323,Japan,Odate,7.3,9.7,9.8,9.2
5325,Japan,Obama,9.3,11.4,12.1,11.7
5326,Japan,Tsuruga,9.9,12.3,12.5,12.1
5327,Japan,Suzu,6.8,7.7,7.9,7.3
5328,Japan,Uchinada,6.7,8.1,7.7,7.7
5329,Japan,Nagano,7.7,8.3,9.0,10.5
5330,Japan,Suwa,7.6,8.3,9.9,8.6
5336,United Kingdom,Warrington,8.5,11.4,9.0,9.7
5342,USA,Colusa,15.9,7.4,12.2,8.8
5347,USA,Livermore,11.5,6.7,11.4,8.9
5352,USA,Tranquillity,12.9,6.5,11.3,9.1
5356,USA,Stanton,6.8,7.0,7.6,7.2
5357,USA,Brownell,6.0,6.0,5.6,4.8
5366,USA,Flemington,7.7,8.1,8.1,8.2
5370,USA,Asheville,8.2,10.2,6.7,7.5
5376,USA,Farrell,7.4,8.0,8.3,11.9
5377,USA,Providence,7.7,8.0,7.9,7.3
5381,USA,Rutland,7.6,7.6,7.6,7.1
5382,USA,Port Angeles,10.4,8.1,10.0,13.6
5384,USA,Eau Claire,7.7,8.1,7.8,7.0
5390,Canada,Abbotsford,7.8,7.5,7.2,6.1
5394,Canada,Sainte-Anne-de-Bellevue,8.5,8.2,6.3,6.3
5395,China,Lasa,10.6,10.5,14.6,16.9
5397,Germany,Luder,7.3,8.3,10.1,8.7
5398,Ireland,Dublin,8.6,10.6,9.5,8.0
5402,Japan,Togane,7.7,9.2,9.2,9.1
5403,Japan,Ichinoseki,7.1,8.7,9.0,9.6
5406,Japan,Murayama,8.3,8.3,8.6,8.1
5409,Spain,Salinas,7.5,7.5,7.9,8.6
5421,USA,Felton,11.3,5.9,7.7,7.7
5426,USA,Nipomo,9.1,6.2,8.4,9.7
5433,USA,Thousand Oaks,10.0,8.2,9.4,9.2
5434,USA,Winter Park,6.9,7.2,7.5,8.9
5436,USA,Madisonville,6.8,7.3,6.9,7.0
5444,USA,Albany,8.7,8.0,8.1,7.2
5447,USA,Morrisville,9.2,11.9,8.1,8.9
5451,USA,Erie,7.1,7.5,8.9,8.1
5452,USA,Awendaw,6.2,6.4,6.1,7.9
5458,USA,Burlington,6.8,6.7,6.6,5.3
5461,Canada,Peterborough,6.3,6.1,6.4,6.0
5462,Canada,Sault Ste. Marie,4.6,4.8,5.6,5.1
5464,France,Paray le Fresil,6.4,6.8,7.4,7.7
5470,Italy,Torino,7.1,8.5,12.1,12.9
5472,Japan,Asahikawa,7.6,9.0,9.2,10.2
5473,Japan,Otaru,5.9,9.2,8.7,8.3
5474,Japan,Rishiri,7.0,8.7,10.3,7.8
5475,Japan,Kamaishi,7.1,8.4,8.9,10.8
5476,Japan,Minamiashigara,6.2,7.5,8.0,7.1
5479,Japan,Saku,7.5,9.3,10.9,9.9
5480,Japan,Niigata,7.1,8.6,9.1,8.5
5484,Norway,Elverum,6.2,7.4,7.6,6.7
5498,USA,Santa Cruz,10.1,6.5,8.5,7.5
5503,USA,McDonough,7.0,8.1,7.2,8.4
5505,USA,Cambridge,4.7,6.1,6.2,8.4
5508,USA,Boston,7.2,7.5,10.1,8.4
5512,USA,Reno,9.6,4.2,8.4,8.1
5519,USA,Harriman,6.9,7.5,7.1,8.0
5520,USA,Maryville,6.6,7.3,7.5,8.3
5528,USA,Mount Vernon,7.0,4.1,3.8,4.4
5530,Australia,Albury,17.3,11.0,7.3,7.3
5531,Australia,Geeveston,7.7,11.8,7.9,8.3
5533,Canada,Barrie,7.3,7.5,7.9,7.4
5540,Japan,Tateyama,8.7,9.9,11.1,10.1
5542,Japan,Hakui,8.3,9.0,9.0,8.8
5543,Japan,Kanazawa,7.3,8.3,8.4,8.5
5544,Japan,Toba,6.9,8.6,9.0,10.7
5550,Norway,Oslo,6.4,7.5,8.2,7.4
5551,Norway,Stavanger,6.4,7.8,8.0,6.8
5552,Portugal,Almada,9.0,9.6,13.5,14.8
5554,United Kingdom,Gateshead,6.6,7.1,7.3,7.6
5561,USA,Atascadero,11.2,5.4,7.2,6.4
5563,USA,Gilroy,10.6,6.3,8.6,7.0
5567,USA,Willits,15.9,7.4,10.0,9.1
5568,USA,Seaford,7.2,8.1,7.5,7.5
5572,USA,Pikeville,6.6,7.0,7.3,9.1
5573,USA,Bar Harbor,3.2,4.1,4.1,4.4
5574,USA,Elkton,5.8,6.6,8.4,8.2
5579,USA,Blaine,8.1,8.8,8.3,8.0
5580,USA,Jean,5.4,4.1,4.3,5.1
5584,USA,Tonawanda,6.4,6.9,7.4,7.4
5588,USA,Baker City,7.7,6.5,8.3,8.9
5591,USA,Prineville,11.2,7.6,9.7,11.5
5603,Canada,Kingston,5.9,5.8,5.7,5.6
5604,Canada,Oakville,6.3,6.9,7.5,7.3
5605,Canada,Ottawa,7.3,7.3,6.0,6.0
5608,Chile,Calama,6.6,6.4,13.9,9.8
5612,Japan,Ono,9.3,11.4,10.7,11.6
5614,Japan,Shimamoto,6.2,8.1,9.1,10.3
5620,Norway,Brevik,6.3,7.2,7.4,6.1
5621,Spain,Ferrol,7.4,7.8,8.1,8.7
5622,Spain,Laza,5.8,5.9,6.2,7.5
5625,Sweden,Stockholm,5.1,6.1,6.6,4.4
5629,USA,Montgomery,13.3,13.1,13.5,13.3
5649,USA,Groton,6.9,6.6,6.0,5.9
5659,USA,Springfield,7.4,7.3,7.7,7.6
5667,USA,Sisters,16.0,5.7,7.3,12.0
5668,USA,Sweet Home,13.1,7.5,8.2,8.9
5669,USA,Waynesburg,7.1,8.6,6.4,8.2
5679,Australia,Traralgon,8.5,9.2,8.0,8.5
5682,Canada,Prince George,5.8,9.0,15.4,9.1
5684,Canada,Vancouver,8.1,6.1,6.3,6.6
5687,Canada,Cornwall,6.2,5.8,6.4,6.2
5690,France,La Chataigneraie,6.8,8.0,8.6,9.2
5693,Japan,Hitachi,8.6,9.5,10.5,9.3
5694,Japan,Koga,9.6,10.7,10.9,12.8
5695,Japan,Takizawa,11.0,13.3,13.0,12.3
5696,Japan,Shima,6.7,8.4,9.5,15.2
5697,Japan,Nasushiobara,7.2,8.3,8.5,8.6
5703,Spain,Almassora,5.5,7.4,8.7,7.4
5704,Spain,Sagunt,9.2,5.0,6.7,7.0
5710,USA,Alpine,7.7,5.9,7.6,7.4
5725,USA,Garden Valley,9.5,7.2,8.0,10.3
5729,USA,Carson city,9.6,4.9,7.4,6.8
5737,USA,Monroe,6.8,7.4,6.9,7.8
5739,USA,Corsicana,7.8,6.9,7.8,8.1
5745,Australia,Muswellbrook,10.1,13.5,9.5,9.4
5749,Canada,Victoria,6.2,7.1,9.1,7.4
5753,Japan,Shirakawa,9.0,10.2,11.3,10.5
5754,Japan,Kitaibaraki,9.1,9.0,9.0,8.9
5755,Japan,Sendai,6.8,8.6,9.0,8.7
5757,Spain,Patones,6.9,7.2,7.0,8.4
5771,USA,Napa,11.2,6.3,9.9,13.8
5786,USA,Bellevue,8.2,8.3,9.0,9.5
5805,Estonia,Palmse,6.8,6.3,8.0,4.0
5810,Japan,Hakodate,6.7,8.8,8.7,8.3
5811,Japan,Sapporo,7.0,8.1,7.3,8.4
5812,Japan,Tomakomai,7.6,9.7,9.6,11.9
5813,Japan,Wakuya,7.2,8.5,8.9,7.7
5816,Spain,Zorita del Maestrazgo,7.9,6.0,6.6,6.9
5822,USA,Lake Elsinore,8.2,6.1,7.6,11.4
5826,USA,Red Bluff,14.8,6.5,11.1,7.0
5827,USA,San Rafael,9.1,5.7,11.2,10.0
5828,USA,Santa Maria,9.3,6.5,7.1,7.5
5832,USA,Belle Glade,6.5,7.0,8.2,10.2
5838,USA,Hagerstown,6.8,7.3,8.2,8.4
5841,USA,Ware,7.1,6.4,7.0,6.0
5842,USA,Bay City,5.6,7.0,7.2,7.1
5845,USA,Billings,7.1,6.5,8.7,8.7
5846,USA,Bozeman,7.6,7.2,7.3,9.0
5865,Canada,Gibsons,7.0,6.2,9.5,9.6
5866,Canada,Newmarket,6.2,6.3,6.4,6.4
5870,France,Saint-Michel-l'Observatoire,6.1,6.6,6.2,8.4
5871,Germany,Tiefenbach,6.9,7.7,10.0,8.0
5876,Norway,Gjovik,5.4,6.8,8.4,6.8
5877,Portugal,Alandroal,4.8,5.3,7.1,13.3
5881,Spain,Viver,6.3,5.7,6.3,7.4
5889,USA,Hollister,9.9,5.6,7.3,5.6
5899,USA,Twin Falls,7.0,5.0,8.4,9.5
5902,USA,Lakeville,7.9,8.2,7.4,6.5
5905,USA,Newburgh,6.7,6.7,6.8,6.6
5909,USA,Kenmare,5.2,4.6,4.8,5.6
5921,Canada,Calgary,5.9,6.9,10.9,7.5
5925,Canada,Tomahawk,4.7,5.8,8.8,5.8
5929,France,Mere,6.6,6.0,7.6,7.1
5935,Japan,Kuji,10.4,12.4,11.5,11.0
5937,Japan,Kurihara,7.0,8.3,8.4,8.0
5938,Portugal,Funchal,5.9,6.0,5.2,5.6
5939,Portugal,Palmela,7.5,11.0,9.3,13.5
5950,USA,Greeley,9.6,9.3,9.7,8.7
5952,USA,Felton,6.8,7.5,6.6,6.9
5955,USA,Pocatello,6.9,5.7,6.6,6.4
5957,USA,Millington,4.8,6.1,6.8,8.7
5959,USA,Fall River,7.5,7.2,7.5,7.2
5963,USA,Broadus,8.6,6.4,7.8,10.7
5964,USA,Lincoln,7.3,8.8,7.5,11.4
5967,USA,Spruce Pine,5.4,8.4,5.6,6.9
5969,USA,Canton,6.3,6.0,5.7,9.6
5971,USA,Amarillo,6.1,5.5,6.0,5.5
5973,USA,Brigham City,8.5,6.6,8.7,7.7
5976,Australia,Cannon Hill,6.6,9.0,7.9,8.1
5983,Canada,Quebec,9.9,8.3,8.9,9.0
5985,Germany,Merzalben,4.7,5.4,7.4,6.3
5989,Japan,Oyabe,7.5,8.8,9.4,8.9
5999,USA,Glendale,6.9,5.7,7.2,7.0
6003,USA,Goleta,9.2,6.9,7.9,9.5
6005,USA,Ojai,8.2,6.0,10.4,12.7
6008,USA,Salinas,6.9,4.5,6.5,6.1
6012,USA,Sebastopol,8.4,5.5,8.6,8.4
6017,USA,Idaho Falls,7.1,7.2,8.1,7.5
6023,USA,Portsmouth,6.8,6.1,6.0,6.1
6026,USA,Utica,5.6,5.5,5.6,5.8
6028,USA,Rapid City,7.9,8.0,7.2,8.5
6040,Belgium,Somme-Leuze,5.5,8.4,9.1,8.0
6050,United Kingdom,Saltash,8.1,9.7,8.4,7.8
6066,USA,Naples,8.1,7.7,8.2,8.6
6067,USA,Germfask,5.2,5.3,5.6,5.5
6068,USA,Apple Valley,7.8,7.0,7.4,7.5
6069,USA,Saint Michael,6.3,5.8,6.9,6.9
6071,USA,Millville,9.3,8.4,8.8,8.9
6077,USA,Erda,7.6,6.2,7.6,6.9
6078,USA,Lindon,8.0,6.0,6.7,7.4
6085,Australia,Singleton,9.2,12.5,8.1,8.1
6088,Australia,Hadspen,8.7,9.3,10.2,9.8
6093,Canada,Oshawa,6.5,6.2,6.6,6.6
6094,Japan,Minamiaizu,5.8,9.0,9.1,9.0
6095,Japan,Shingu,8.2,8.5,9.3,9.4
6098,USA,Arroyo Grande,8.3,5.5,9.6,10.3
6120,USA,Worcester,8.3,8.4,7.3,6.4
6122,USA,Marshall,5.6,6.1,6.1,5.5
6123,USA,Belton,6.3,6.5,6.6,7.2
6135,USA,Anacortes,7.6,3.8,4.6,6.0
6140,Canada,Red Deer,4.8,6.3,9.7,7.0
6142,Canada,Moncton,5.6,4.7,3.8,4.2
6164,USA,Des Moines,7.2,7.3,7.4,8.4
6174,USA,Shady Cove,9.7,5.1,13.7,12.1
6183,Australia,Springwood,5.9,6.9,6.3,5.5
6184,Australia,Melton,9.5,6.4,4.7,3.5
6188,Canada,St. Catharines,6.6,6.9,7.1,7.3
6192,France,Saint-Denis,5.8,7.2,9.0,6.7
6201,Taiwan,Taitung,7.3,8.7,9.3,9.3
6204,United Kingdom,Aberdeen,5.3,7.0,6.9,6.0
6207,United Kingdom,Glasgow,5.2,7.1,8.1,7.5
6209,United Kingdom,Greenock,5.0,6.7,6.2,5.3
6218,USA,San Luis Obispo,9.2,5.4,7.6,8.4
6222,USA,Ketchum,6.3,4.3,5.0,6.3
6231,USA,Galloway,7.9,7.8,7.1,8.6
6236,Australia,Wallsend,8.3,11.7,7.5,7.3
6245,China,Nyingchi,7.3,8.1,7.8,11.8
6249,Norway,Lillehammer,5.5,6.2,6.7,6.6
6252,Sweden,Sundsvall,5.4,6.4,6.3,5.4
6262,USA,San Andreas,12.5,5.7,14.6,12.9
6268,USA,Portland,7.5,8.7,7.0,7.3
6271,USA,Brainerd,4.7,5.0,5.7,5.7
6273,USA,Kearney,6.2,6.6,6.5,7.3
6275,USA,Londonderry,6.1,5.1,5.3,5.1
6276,USA,Holtsville,6.3,6.4,7.0,6.5
6277,USA,White Plains,5.7,5.8,5.9,5.8
6278,USA,Sioux Falls,8.9,9.2,5.7,6.0
6279,USA,Bountiful,9.7,4.7,7.4,9.3
6281,USA,Ogden,7.3,5.6,9.2,7.6
6286,Belgium,Bertrix,6.6,7.9,9.1,8.0
6293,Canada,Belleville,6.5,6.3,6.4,6.1
6297,China,Ngari,6.2,6.9,14.1,13.0
6307,Spain,Lalastra,5.8,6.3,5.5,5.3
6311,United Kingdom,Edinburgh,4.7,6.6,6.2,6.9
6324,USA,Beltsville,5.9,7.3,6.8,7.6
6329,USA,Beulah,4.8,5.0,6.7,6.6
6333,USA,El Paso,9.3,8.8,11.0,9.6
6337,Australia,Westbury,7.9,8.2,8.7,8.1
6338,Belgium,Baelen,5.3,8.9,8.6,8.4
6339,Belgium,Habay,5.2,8.2,8.4,7.8
6346,Finland,Helsinki,5.2,6.0,7.2,5.4
6347,Finland,Vantaa,5.8,6.5,7.3,6.0
6350,Norway,Bergen,5.0,5.9,5.5,5.2
6351,Switzerland,Kussnacht,5.7,6.3,6.1,5.0
6356,USA,Phoenix,8.4,5.8,8.6,8.4
6365,USA,Ukiah,11.3,6.9,10.4,11.0
6373,USA,Great Falls,5.9,6.0,7.4,9.3
6381,USA,Bennington,5.6,5.8,6.1,5.7
6390,Australia,Beresfield,10.6,13.6,8.7,7.6
6391,Australia,Tamworth,9.1,15.2,8.5,7.8
6422,USA,Fort Collins,10.2,7.9,7.8,7.5
6425,USA,Malta,7.5,5.1,6.3,7.0
6427,USA,Taos,8.3,6.9,6.4,4.2
6428,USA,Pomona,5.4,5.9,6.0,5.8
6432,USA,The Dalles,9.0,7.6,8.0,10.8
6439,Australia,Launceston,6.7,5.2,5.3,7.0
6446,Spain,Borriana,4.8,5.1,5.4,6.7
6457,USA,Frostburg,4.8,5.7,6.1,6.3
6460,USA,Lewistown,6.2,4.7,6.1,7.5
6461,USA,Bryson City,6.0,8.6,7.8,8.1
6470,Australia,Clinton,5.9,8.8,8.8,4.0
6473,Belgium,Viroinval,4.8,8.5,8.9,7.6
6477,Canada,Saint John,5.2,5.1,5.5,6.4
6478,Canada,Port Hawkesbury,5.0,5.3,5.5,5.7
6479,Canada,North Bay,4.7,4.6,5.6,4.7
6482,France,Saint-Paul,5.3,6.1,5.5,5.5
6486,Norway,Trondheim,4.8,5.9,6.4,5.1
6500,USA,Lompoc,8.5,5.9,6.8,8.1
6504,USA,Ocean View,3.2,3.0,11.7,11.6
6514,USA,Pierre,11.0,10.9,4.5,4.1
6519,Australia,Wagga Wagga,12.4,12.4,8.4,8.0
6520,Australia,Boat Creek,5.8,7.8,5.5,5.1
6522,Austria,Ebensee,5.4,7.4,6.2,4.3
6523,Canada,Medicine Hat,5.2,5.0,7.1,5.9
6525,Canada,Bathurst,5.1,5.2,5.7,6.0
6527,Canada,Thunder Bay,5.8,5.1,6.1,5.7
6528,Canada,Tiverton,5.2,5.4,5.8,5.4
6534,USA,Lebec,10.6,5.6,8.4,8.6
6537,USA,Willows,15.3,7.6,10.4,8.7
6542,USA,Detroit Lakes,5.0,5.3,5.7,5.7
6543,USA,Duluth,6.3,5.8,5.6,5.5
6548,USA,Lakeview,8.0,6.0,11.3,9.0
6550,USA,Kingsport,6.1,7.5,7.2,7.7
6555,USA,Crandon,5.7,5.9,4.9,4.8
6558,Australia,Deloraine,5.3,6.4,7.7,7.8
6565,Spain,L'Alcora,6.6,6.9,8.6,8.0
6566,Spain,Villar del Arzobispo,9.4,9.2,8.2,8.1
6574,USA,Lancaster,9.8,5.7,7.3,8.6
6578,USA,Bangor,4.7,4.9,5.3,5.5
6588,Australia,Wyong,7.8,12.1,6.7,5.8
6590,Canada,Beaverlodge,4.7,6.8,8.1,5.6
6591,Canada,Fort Chipewyan,3.8,5.6,4.9,3.6
6594,Canada,Parry Sound,4.9,4.4,5.2,4.8
6597,Finland,Lappeenranta,4.9,5.2,6.8,6.0
6598,Spain,Benicasim,4.9,7.1,6.6,5.0
6606,USA,Paradise,11.7,4.3,17.9,6.8
6610,USA,Denver,8.7,8.2,8.0,7.4
6622,Australia,Kembla Grange,9.3,9.9,7.0,6.9
6624,Australia,Huonville,6.1,7.5,6.1,5.9
6626,Australia,Melbourne,8.3,6.5,5.8,5.4
6627,Australia,Wangaratta,13.0,7.9,7.3,9.5
6628,Belgium,Sainte-Ode,5.6,7.5,8.7,7.0
6629,Belgium,Vielsalm,4.2,6.4,7.3,5.6
6634,Estonia,Tallinn,6.2,5.5,7.1,4.9
6635,Estonia,Narva,4.4,5.2,6.1,4.3
6636,Finland,Oulu,4.9,5.3,5.9,4.8
6637,Spain,Caudete de las Fuentes,5.9,6.1,5.7,7.7
6652,Australia,Moe,9.6,8.6,6.4,6.5
6663,Finland,Espoo,5.2,5.8,6.6,5.2
6680,USA,Red Lake,5.9,6.1,6.3,6.1
6682,USA,Virginia,4.6,4.9,5.8,4.6
6691,Australia,Bathurst,8.7,13.1,7.0,6.1
6694,Canada,Mount Pearl,5.2,4.5,5.4,5.0
6696,Estonia,Kohtla-Jaerve,4.3,10.4,8.3,4.1
6697,Finland,Virolahti,5.1,5.0,6.5,4.4
6698,Norway,Tromso,5.5,6.1,6.2,6.0
6700,Sweden,Uppsala,4.4,5.5,6.7,4.6
6715,USA,Underhill,4.5,4.6,4.9,4.0
6719,Australia,South Launceston,5.8,5.6,6.2,6.6
6720,Australia,Triabunna,4.8,4.8,8.4,8.2
6721,Australia,Churchill,11.4,9.5,6.4,7.0
6730,Finland,Kuopio,4.3,4.3,3.9,3.1
6732,Finland,Tampere,4.5,4.8,5.7,3.9
6734,Spain,Alacant,6.7,6.5,4.4,9.7
6735,USA,Tempe,7.1,5.6,7.8,7.7
6751,Australia,Geelong,6.9,6.9,6.8,7.0
6759,New Zealand,Christchurch,7.0,7.3,7.7,8.9
6760,Norway,Narvik,3.9,5.2,4.6,3.9
6778,USA,Kahului,4.5,4.3,3.7,4.8
6780,USA,Peterborough,4.0,4.0,4.1,3.8
6787,Australia,Morwell,9.3,7.6,6.5,6.7
6788,Austria,Reichraming,4.9,6.2,5.9,4.7
6789,Canada,Sydney,4.8,4.9,4.6,6.5
6790,Canada,Charlottetown,6.4,8.1,9.7,9.9
6791,Canada,Wellington,4.5,4.4,3.4,7.0
6815,Australia,Shellharbour,8.0,9.6,6.8,6.6
6817,Australia,Devonport,5.8,5.5,5.3,5.4
6818,Australia,Scottsdale,7.3,6.4,7.1,8.1
6838,USA,Grand Junction,6.9,4.2,5.9,5.5
6843,USA,Albuquerque,6.9,6.1,5.6,5.7
6846,Australia,Oatlands,5.5,5.9,6.8,5.7
6853,USA,Keeler,9.4,4.7,7.1,8.1
6858,USA,Boulder,9.1,7.1,7.9,7.1
6866,Canada,Kitimat,4.6,5.2,5.4,4.6
6867,Canada,Powell River,4.9,4.9,4.6,3.6
6868,Chile,Punta Arenas,4.7,4.7,4.5,5.5
6869,Estonia,Vilsandi,5.1,5.7,6.0,3.4
6872,Spain,Castello de la Plana,7.9,7.2,7.4,9.9
6873,USA,Carmel Valley,8.4,4.4,6.4,5.6
6883,USA,Honolulu,3.8,3.6,3.9,4.0
6886,USA,Las Vegas,7.2,6.0,7.2,7.5
6891,Australia,Wynyard,5.2,5.3,5.5,6.6
6895,Finland,Lansi-Turunmaa,5.5,5.7,5.8,4.1
6907,USA,Henderson,6.5,4.8,6.1,7.4
6909,USA,Narragansett,4.3,4.7,5.4,5.1
6913,Australia,Newcastle,7.9,12.5,7.9,7.4
6915,Australia,Campbell Town,5.7,5.9,6.1,6.2
6916,Australia,Glenorchy,4.8,4.8,4.4,4.7
6917,Australia,Lilydale,5.2,4.8,4.8,5.0
6918,Australia,Sheffield,5.5,5.1,4.7,3.6
6922,Iceland,Hafnarfjoerdur,4.3,4.3,4.3,5.9
6923,Portugal,Faro,7.5,10.5,8.5,9.8
6924,Portugal,Santana,4.7,4.2,3.4,5.8
6934,USA,West Greenwich,4.4,4.5,5.8,4.5
6944,Iceland,Kopavogur,6.9,6.9,5.8,5.7
6946,Spain,Algar de Palancia,5.2,6.0,6.2,5.2
6955,USA,Ely,5.5,5.0,4.2,4.4
6960,Estonia,Voore,4.6,5.0,7.1,3.8
6963,Russia,Vladivostok,3.6,12.6,13.5,16.2
6966,USA,Yuma,9.0,7.5,8.5,8.6
6975,Australia,Brisbane,6.7,8.1,7.2,6.4
6979,USA,Mesa,6.2,4.3,6.6,8.2
7003,USA,Littleton,7.0,6.2,7.5,7.9
7013,Australia,Bream Creak,4.0,4.3,4.4,2.5
7020,Portugal,Alcoutim,5.7,7.7,8.5,7.9
7023,USA,Anchorage,5.1,8.1,5.9,6.5
7034,USA,Hurricane,5.3,4.0,6.3,5.2
7040,Australia,Gladstone,6.2,7.0,5.9,7.2
7041,Australia,Wynnum,5.9,7.6,4.7,4.0
7042,Australia,Hobart,3.7,4.4,4.0,3.7
7044,USA,Tucson,5.9,4.2,5.4,7.1
7052,Australia,Sydney,7.2,10.1,7.6,7.1
7057,Spain,Albalat dels Tarongers,5.1,4.6,4.7,5.1
7069,Australia,Wollongong,8.0,10.6,7.3,7.0
7082,USA,Kapolei,4.3,3.2,3.5,4.7
7090,Australia,Cygnet,3.3,7.9,3.9,3.7
7109,Australia,Fingal,3.1,3.0,3.1,3.1
7110,Australia,Gretna,3.1,4.7,3.1,3.1
7113,USA,Bishop,12.5,4.5,8.4,6.5
7129,Australia,Exeter,3.7,3.6,3.2,3.0
7130,Australia,Mornington,3.2,3.8,3.0,3.9
7142,Australia,Smithton,3.9,4.3,4.9,4.9
7143,Australia,West Ulverstone,3.8,3.7,4.0,3.7
7182,Australia,George Town,4.3,4.1,4.4,4.1
7238,Australia,Judbury,2.4,5.7,2.2,1.9
7262,Australia,St Helens,2.4,2.4,2.9,3.3
7268,USA,Kihei,4.2,5.3,4.7,4.8
7271,Australia,Emu River,2.6,2.5,2.6,2.3
7279,USA,Hilo,3.5,3.7,6.0,8.1
